Workbook
Name ElectricalWorks: Tasks!$H2:$H99990
Name Finalization: Tasks!$K2:$K99990
Name GroutingWorks: Tasks!$F2:$F99990
Name InstrumentationWorks: Tasks!$I2:$I999990
Name MaterialHandling: Tasks!$C$2:$C$37000
Name MobilizationPreparation: Tasks!$B$2:$B$900
Name PaintingCoating: Tasks!$J2:$J999990
Name PipingWorks: Tasks!$G$2:$G$1048576
Name SteelStructureWorks: Tasks!$D2:$D9990

Sheet Cumulative

Sheet March 2026
A1: No | B1: Filled By | C1: Date | D1: Company | E1: Name Surname | F1: Column1 | G1: Designation | H1: Man/Equ | I1: Category | J1: Area | K1: Reference | L1: Item Tag | M1: Shift | N1: Manhours | O1: Main Activity | P1: Sub Act | Q1: Sub-Sub Act | R1: Note | S1: JSA LOCATION
A2: =IF(C2="","",MAX($A$1:A1)+1) -> 1 | B2: Ebin | C2: 46082 | D2: =_xlfn.XLOOKUP(Table134526_79101120212223242526[[#This Row],[Name Surname]],Manpower!$C$4:$C$1048576,Manpower!$B$4:$B$1048576,"") -> Riyan Al Khaleej | E2: 100T TELESCOPIC CRANE (RENTAL)-ZL | F2: =_xlfn.XLOOKUP(Table134526_79101120212223242526[[#This Row],[Name Surname]],Manpower!C:C,Manpower!D:D,) -> #N/A | G2: =_xlfn.XLOOKUP(Table134526_79101120212223242526[[#This Row],[Name Surname]],Manpower!$C$4:$C$1048576,Manpower!$F$4:$F$1048576,"") -> 100T Telescopic Crane | H2: =_xlfn.XLOOKUP(Table134526_79101120212223242526[[#This Row],[Name Surname]],Manpower!$C$4:$C$1048576,Manpower!$H$4:$H$1048576,"") -> Equipment | I2: =_xlfn.XLOOKUP(Table134526_79101120212223242526[[#This Row],[Name Surname]],Manpower!$C$4:$C$1048576,Manpower!$H$4:$H$1048576,"") -> Equipment | J2: Yard 3 | K2: Dismantling | L2: DBD Bld | M2: Day | N2: 8 | O2: Steel Structure Works | P2: Dismantling | Q2: Dismantling | R2: _
A3: =IF(C3="","",MAX($A$1:A2)+1) -> 2 | B3: Ebin | C3: 46082 | D3: =_xlfn.XLOOKUP(Table134526_79101120212223242526[[#This Row],[Name Surname]],Manpower!$C$4:$C$1048576,Manpower!$B$4:$B$1048576,"") -> Encogroup | E3: Ashwini Kumar | F3: =_xlfn.XLOOKUP(Table134526_79101120212223242526[[#This Row],[Name Surname]],Manpower!C:C,Manpower!D:D,) -> 127414586 | G3: =_xlfn.XLOOKUP(Table134526_79101120212223242526[[#This Row],[Name Surname]],Manpower!$C$4:$C$1048576,Manpower!$F$4:$F$1048576,"") -> Electrician | H3: =_xlfn.XLOOKUP(Table134526_79101120212223242526[[#This Row],[Name Surname]],Manpower!$C$4:$C$1048576,Manpower!$H$4:$H$1048576,"") -> Manpower | I3: =_xlfn.XLOOKUP(Table134526_79101120212223242526[[#This Row],[Name Surname]],Manpower!$C$4:$C$1048576,Manpower!$H$4:$H$1048576,"") -> Manpower | J3: Yard 3 | K3: Dismantling | L3: DBD Bld | M3: Day | N3: 5 | O3: Electrical Works | P3: Electrical Works | Q3: Dismantling | R3: _
A4: =IF(C4="","",MAX($A$1:A3)+1) -> 3 | B4: Ebin | C4: 46082 | D4: =_xlfn.XLOOKUP(Table134526_79101120212223242526[[#This Row],[Name Surname]],Manpower!$C$4:$C$1048576,Manpower!$B$4:$B$1048576,"") -> Encogroup | E4: Atif Rasheed | F4: =_xlfn.XLOOKUP(Table134526_79101120212223242526[[#This Row],[Name Surname]],Manpower!C:C,Manpower!D:D,) -> 127331574 | G4: =_xlfn.XLOOKUP(Table134526_79101120212223242526[[#This Row],[Name Surname]],Manpower!$C$4:$C$1048576,Manpower!$F$4:$F$1048576,"") -> Permit Receiver | H4: =_xlfn.XLOOKUP(Table134526_79101120212223242526[[#This Row],[Name Surname]],Manpower!$C$4:$C$1048576,Manpower!$H$4:$H$1048576,"") -> Manpower | I4: =_xlfn.XLOOKUP(Table134526_79101120212223242526[[#This Row],[Name Surname]],Manpower!$C$4:$C$1048576,Manpower!$H$4:$H$1048576,"") -> Manpower | J4: Yard 3 | K4: Dismantling | L4: DBD Bld | M4: Day | N4: 8 | O4: Steel Structure Works | P4: Dismantling | Q4: Dismantling | R4: _
A5: =IF(C5="","",MAX($A$1:A4)+1) -> 4 | B5: Ebin | C5: 46082 | D5: =_xlfn.XLOOKUP(Table134526_79101120212223242526[[#This Row],[Name Surname]],Manpower!$C$4:$C$1048576,Manpower!$B$4:$B$1048576,"") -> Encogroup | E5: Ebin Ben | F5: =_xlfn.XLOOKUP(Table134526_79101120212223242526[[#This Row],[Name Surname]],Manpower!C:C,Manpower!D:D,) -> 116589569 | G5: =_xlfn.XLOOKUP(Table134526_79101120212223242526[[#This Row],[Name Surname]],Manpower!$C$4:$C$1048576,Manpower!$F$4:$F$1048576,"") -> Mechanical Engineer | H5: =_xlfn.XLOOKUP(Table134526_79101120212223242526[[#This Row],[Name Surname]],Manpower!$C$4:$C$1048576,Manpower!$H$4:$H$1048576,"") -> Manpower | I5: =_xlfn.XLOOKUP(Table134526_79101120212223242526[[#This Row],[Name Surname]],Manpower!$C$4:$C$1048576,Manpower!$H$4:$H$1048576,"") -> Manpower | J5: Yard 3 | K5: Dismantling | L5: DBD Bld | M5: Day | N5: 5 | O5: Steel Structure Works | P5: Dismantling | Q5: Dismantling | R5: _
A6: =IF(C6="","",MAX($A$1:A5)+1) -> 5 | B6: Ebin | C6: 46082 | D6: =_xlfn.XLOOKUP(Table134526_79101120212223242526[[#This Row],[Name Surname]],Manpower!$C$4:$C$1048576,Manpower!$B$4:$B$1048576,"") -> Encogroup | E6: Khundrakpam Shyamsan Singh | F6: =_xlfn.XLOOKUP(Table134526_79101120212223242526[[#This Row],[Name Surname]],Manpower!C:C,Manpower!D:D,) -> 99596058 | G6: =_xlfn.XLOOKUP(Table134526_79101120212223242526[[#This Row],[Name Surname]],Manpower!$C$4:$C$1048576,Manpower!$F$4:$F$1048576,"") -> HSE Officer | H6: =_xlfn.XLOOKUP(Table134526_79101120212223242526[[#This Row],[Name Surname]],Manpower!$C$4:$C$1048576,Manpower!$H$4:$H$1048576,"") -> Manpower | I6: =_xlfn.XLOOKUP(Table134526_79101120212223242526[[#This Row],[Name Surname]],Manpower!$C$4:$C$1048576,Manpower!$H$4:$H$1048576,"") -> Manpower | J6: Yard 3 | K6: Dismantling | L6: DBD Bld | M6: Day | N6: 8 | O6: Steel Structure Works | P6: Dismantling | Q6: Dismantling | R6: _
A7: =IF(C7="","",MAX($A$1:A6)+1) -> 6 | B7: Ebin | C7: 46082 | D7: =_xlfn.XLOOKUP(Table134526_79101120212223242526[[#This Row],[Name Surname]],Manpower!$C$4:$C$1048576,Manpower!$B$4:$B$1048576,"") -> Encogroup | E7: Lav Kansaraj | F7: =_xlfn.XLOOKUP(Table134526_79101120212223242526[[#This Row],[Name Surname]],Manpower!C:C,Manpower!D:D,) -> 140697039 | G7: =_xlfn.XLOOKUP(Table134526_79101120212223242526[[#This Row],[Name Surname]],Manpower!$C$4:$C$1048576,Manpower!$F$4:$F$1048576,"") -> Fitter/Erector | H7: =_xlfn.XLOOKUP(Table134526_79101120212223242526[[#This Row],[Name Surname]],Manpower!$C$4:$C$1048576,Manpower!$H$4:$H$1048576,"") -> Manpower | I7: =_xlfn.XLOOKUP(Table134526_79101120212223242526[[#This Row],[Name Surname]],Manpower!$C$4:$C$1048576,Manpower!$H$4:$H$1048576,"") -> Manpower | J7: Yard 3 | K7: Dismantling | L7: DBD Bld | M7: Day | N7: 8 | O7: Steel Structure Works | P7: Dismantling | Q7: Dismantling | R7: _
A8: =IF(C8="","",MAX($A$1:A7)+1) -> 7 | B8: Ebin | C8: 46082 | D8: =_xlfn.XLOOKUP(Table134526_79101120212223242526[[#This Row],[Name Surname]],Manpower!$C$4:$C$1048576,Manpower!$B$4:$B$1048576,"") -> Encogroup | E8: Rajesh Thakur | F8: =_xlfn.XLOOKUP(Table134526_79101120212223242526[[#This Row],[Name Surname]],Manpower!C:C,Manpower!D:D,) -> 124565057 | G8: =_xlfn.XLOOKUP(Table134526_79101120212223242526[[#This Row],[Name Surname]],Manpower!$C$4:$C$1048576,Manpower!$F$4:$F$1048576,"") -> Fitter/Erector | H8: =_xlfn.XLOOKUP(Table134526_79101120212223242526[[#This Row],[Name Surname]],Manpower!$C$4:$C$1048576,Manpower!$H$4:$H$1048576,"") -> Manpower | I8: =_xlfn.XLOOKUP(Table134526_79101120212223242526[[#This Row],[Name Surname]],Manpower!$C$4:$C$1048576,Manpower!$H$4:$H$1048576,"") -> Manpower | J8: Yard 3 | K8: Dismantling | L8: DBD Bld | M8: Day | N8: 8 | O8: Steel Structure Works | P8: Dismantling | Q8: Dismantling | R8: _
A9: =IF(C9="","",MAX($A$1:A8)+1) -> 8 | B9: Ebin | C9: 46082 | D9: =_xlfn.XLOOKUP(Table134526_79101120212223242526[[#This Row],[Name Surname]],Manpower!$C$4:$C$1048576,Manpower!$B$4:$B$1048576,"") -> Encogroup | E9: Pradip Rai | F9: =_xlfn.XLOOKUP(Table134526_79101120212223242526[[#This Row],[Name Surname]],Manpower!C:C,Manpower!D:D,) -> 141365023 | G9: =_xlfn.XLOOKUP(Table134526_79101120212223242526[[#This Row],[Name Surname]],Manpower!$C$4:$C$1048576,Manpower!$F$4:$F$1048576,"") -> Grinder | H9: =_xlfn.XLOOKUP(Table134526_79101120212223242526[[#This Row],[Name Surname]],Manpower!$C$4:$C$1048576,Manpower!$H$4:$H$1048576,"") -> Manpower | I9: =_xlfn.XLOOKUP(Table134526_79101120212223242526[[#This Row],[Name Surname]],Manpower!$C$4:$C$1048576,Manpower!$H$4:$H$1048576,"") -> Manpower | J9: Yard 3 | K9: Dismantling | L9: DBD Bld | M9: Day | N9: 8 | O9: Steel Structure Works | P9: Dismantling | Q9: Dismantling | R9: _ | S9: Parking Area
A10: =IF(C10="","",MAX($A$1:A9)+1) -> 9 | B10: Ebin | C10: 46082 | D10: =_xlfn.XLOOKUP(Table134526_79101120212223242526[[#This Row],[Name Surname]],Manpower!$C$4:$C$1048576,Manpower!$B$4:$B$1048576,"") -> AL Omar International TRAD AND CONT | E10: Md Tarek Hossain | F10: =_xlfn.XLOOKUP(Table134526_79101120212223242526[[#This Row],[Name Surname]],Manpower!C:C,Manpower!D:D,) -> 114929202 | G10: =_xlfn.XLOOKUP(Table134526_79101120212223242526[[#This Row],[Name Surname]],Manpower!$C$4:$C$1048576,Manpower!$F$4:$F$1048576,"") -> RIgger | H10: =_xlfn.XLOOKUP(Table134526_79101120212223242526[[#This Row],[Name Surname]],Manpower!$C$4:$C$1048576,Manpower!$H$4:$H$1048576,"") -> Sub Contactor | I10: =_xlfn.XLOOKUP(Table134526_79101120212223242526[[#This Row],[Name Surname]],Manpower!$C$4:$C$1048576,Manpower!$H$4:$H$1048576,"") -> Sub Contactor | J10: Yard 3 | K10: Dismantling | L10: DBD Bld | M10: Day | N10: 5 | O10: Steel Structure Works | P10: Dismantling | Q10: Dismantling | R10: _
A11: =IF(C11="","",MAX($A$1:A10)+1) -> 10 | B11: Ebin | C11: 46082 | D11: =_xlfn.XLOOKUP(Table134526_79101120212223242526[[#This Row],[Name Surname]],Manpower!$C$4:$C$1048576,Manpower!$B$4:$B$1048576,"") -> Encogroup | E11: Ranaanand Kumar | F11: =_xlfn.XLOOKUP(Table134526_79101120212223242526[[#This Row],[Name Surname]],Manpower!C:C,Manpower!D:D,) -> 140742088 | G11: =_xlfn.XLOOKUP(Table134526_79101120212223242526[[#This Row],[Name Surname]],Manpower!$C$4:$C$1048576,Manpower!$F$4:$F$1048576,"") -> Fitter/Erector | H11: =_xlfn.XLOOKUP(Table134526_79101120212223242526[[#This Row],[Name Surname]],Manpower!$C$4:$C$1048576,Manpower!$H$4:$H$1048576,"") -> Manpower | I11: =_xlfn.XLOOKUP(Table134526_79101120212223242526[[#This Row],[Name Surname]],Manpower!$C$4:$C$1048576,Manpower!$H$4:$H$1048576,"") -> Manpower | J11: Yard 3 | K11: Dismantling | L11: DBD Bld | M11: Day | N11: 8 | O11: Steel Structure Works | P11: Dismantling | Q11: Dismantling | R11: _
A12: =IF(C12="","",MAX($A$1:A11)+1) -> 11 | B12: Ebin | C12: 46082 | D12: =_xlfn.XLOOKUP(Table134526_79101120212223242526[[#This Row],[Name Surname]],Manpower!$C$4:$C$1048576,Manpower!$B$4:$B$1048576,"") -> Rial Al Khaleej | E12: Shahzad Latif | F12: =_xlfn.XLOOKUP(Table134526_79101120212223242526[[#This Row],[Name Surname]],Manpower!C:C,Manpower!D:D,) -> 98845403 | G12: =_xlfn.XLOOKUP(Table134526_79101120212223242526[[#This Row],[Name Surname]],Manpower!$C$4:$C$1048576,Manpower!$F$4:$F$1048576,"") -> Crane Operator-100T Zoomlion Telescopic | H12: Manpower | I12: Manpower | J12: Yard 3 | K12: Dismantling | L12: DBD Bld | M12: Day | N12: 8 | O12: Material Handling | P12: Strucutre Pre-Assembly | Q12: Material unloading by crane | R12: Crane Operator
A13: =IF(C13="","",MAX($A$1:A12)+1) -> 12 | B13: Ebin | C13: 46082 | D13: =_xlfn.XLOOKUP(Table134526_79101120212223242526[[#This Row],[Name Surname]],Manpower!$C$4:$C$1048576,Manpower!$B$4:$B$1048576,"") -> Encogroup | E13: Shyam Dhani | F13: =_xlfn.XLOOKUP(Table134526_79101120212223242526[[#This Row],[Name Surname]],Manpower!C:C,Manpower!D:D,) -> 140806218 | G13: =_xlfn.XLOOKUP(Table134526_79101120212223242526[[#This Row],[Name Surname]],Manpower!$C$4:$C$1048576,Manpower!$F$4:$F$1048576,"") -> Fitter/Erector | H13: =_xlfn.XLOOKUP(Table134526_79101120212223242526[[#This Row],[Name Surname]],Manpower!$C$4:$C$1048576,Manpower!$H$4:$H$1048576,"") -> Manpower | I13: =_xlfn.XLOOKUP(Table134526_79101120212223242526[[#This Row],[Name Surname]],Manpower!$C$4:$C$1048576,Manpower!$H$4:$H$1048576,"") -> Manpower | J13: Yard 3 | K13: Dismantling | L13: DBD Bld | M13: Day | N13: 8 | O13: Steel Structure Works | P13: Dismantling | Q13: Dismantling | R13: _ | S13: YARD 3
A14: =IF(C14="","",MAX($A$1:A13)+1) -> 13 | B14: Ebin | C14: 46082 | D14: =_xlfn.XLOOKUP(Table134526_79101120212223242526[[#This Row],[Name Surname]],Manpower!$C$4:$C$1048576,Manpower!$B$4:$B$1048576,"") -> Encogroup | E14: Verendra Kumar Hari Lal | F14: =_xlfn.XLOOKUP(Table134526_79101120212223242526[[#This Row],[Name Surname]],Manpower!C:C,Manpower!D:D,) -> 140844618 | G14: =_xlfn.XLOOKUP(Table134526_79101120212223242526[[#This Row],[Name Surname]],Manpower!$C$4:$C$1048576,Manpower!$F$4:$F$1048576,"") -> Assistant/Helper | H14: =_xlfn.XLOOKUP(Table134526_79101120212223242526[[#This Row],[Name Surname]],Manpower!$C$4:$C$1048576,Manpower!$H$4:$H$1048576,"") -> Manpower | I14: =_xlfn.XLOOKUP(Table134526_79101120212223242526[[#This Row],[Name Surname]],Manpower!$C$4:$C$1048576,Manpower!$H$4:$H$1048576,"") -> Manpower | J14: Yard 3 | K14: Dismantling | L14: DBD Bld | M14: Day | N14: 5 | O14: Steel Structure Works | P14: Dismantling | Q14: Dismantling | R14: _
A15: =IF(C15="","",MAX($A$1:A14)+1) -> 14 | B15: Ebin | C15: 46082 | D15: =_xlfn.XLOOKUP(Table134526_79101120212223242526[[#This Row],[Name Surname]],Manpower!$C$4:$C$1048576,Manpower!$B$4:$B$1048576,"") -> Bright Light | E15: 100T TELESCOPIC CRANE (RENTAL)-Sany | F15: =_xlfn.XLOOKUP(Table134526_79101120212223242526[[#This Row],[Name Surname]],Manpower!C:C,Manpower!D:D,) -> #N/A | G15: =_xlfn.XLOOKUP(Table134526_79101120212223242526[[#This Row],[Name Surname]],Manpower!$C$4:$C$1048576,Manpower!$F$4:$F$1048576,"") -> 100T Telescopic Crane | H15: Manpower | I15: Manpower | J15: Yard 2 | K15: _ | L15: CT-1010-02 | M15: Day | N15: 8 | O15: Material Handling | P15: Strucutre Pre-Assembly | Q15: Material unloading by crane | R15: Structural material segregation, offloading of materials from yard-3 to yard-2, pre-assembly&erection on temporary support installation
A16: =IF(C16="","",MAX($A$1:A15)+1) -> 15 | B16: Ebin | C16: 46082 | D16: =_xlfn.XLOOKUP(Table134526_79101120212223242526[[#This Row],[Name Surname]],Manpower!$C$4:$C$1048576,Manpower!$B$4:$B$1048576,"") -> Bright Light | E16: 150T CRAWLER CRANE (RENTAL)-Sany | F16: =_xlfn.XLOOKUP(Table134526_79101120212223242526[[#This Row],[Name Surname]],Manpower!C:C,Manpower!D:D,) -> #N/A | G16: =_xlfn.XLOOKUP(Table134526_79101120212223242526[[#This Row],[Name Surname]],Manpower!$C$4:$C$1048576,Manpower!$F$4:$F$1048576,"") -> 150T-Crawler Crane | H16: =_xlfn.XLOOKUP(Table134526_79101120212223242526[[#This Row],[Name Surname]],Manpower!$C$4:$C$1048576,Manpower!$H$4:$H$1048576,"") -> Equipment | I16: =_xlfn.XLOOKUP(Table134526_79101120212223242526[[#This Row],[Name Surname]],Manpower!$C$4:$C$1048576,Manpower!$H$4:$H$1048576,"") -> Equipment | J16: Yard 2 | K16: _ | L16: CT-1010-02 | M16: Day | N16: 8 | O16: Material Handling | P16: Strucutre Pre-Assembly | Q16: Material unloading by crane | R16: 150T crawler crane handed over to Bashaer Projects for their own work for the day
A17: =IF(C17="","",MAX($A$1:A16)+1) -> 16 | B17: Ebin | C17: 46082 | D17: =_xlfn.XLOOKUP(Table134526_79101120212223242526[[#This Row],[Name Surname]],Manpower!$C$4:$C$1048576,Manpower!$B$4:$B$1048576,"") -> Encogroup | E17: 22M LCMG MANLIFT | F17: =_xlfn.XLOOKUP(Table134526_79101120212223242526[[#This Row],[Name Surname]],Manpower!C:C,Manpower!D:D,) -> #N/A | G17: =_xlfn.XLOOKUP(Table134526_79101120212223242526[[#This Row],[Name Surname]],Manpower!$C$4:$C$1048576,Manpower!$F$4:$F$1048576,"") -> 22M-Manlift | H17: =_xlfn.XLOOKUP(Table134526_79101120212223242526[[#This Row],[Name Surname]],Manpower!$C$4:$C$1048576,Manpower!$H$4:$H$1048576,"") -> Equipment | I17: =_xlfn.XLOOKUP(Table134526_79101120212223242526[[#This Row],[Name Surname]],Manpower!$C$4:$C$1048576,Manpower!$H$4:$H$1048576,"") -> Equipment | J17: Yard 2 | K17: _ | L17: CT-1010-02 | M17: Day | N17: 8 | O17: Steel Structure Works | P17: Strucutre Pre-Assembly | Q17: Strucutre Pre-Assembly | R17: Structural material segregation, offloading of materials from yard-3 to yard-2, pre-assembly&erection on temporary support installation
A18: =IF(C18="","",MAX($A$1:A17)+1) -> 17 | B18: Ebin | C18: 46082 | D18: =_xlfn.XLOOKUP(Table134526_79101120212223242526[[#This Row],[Name Surname]],Manpower!$C$4:$C$1048576,Manpower!$B$4:$B$1048576,"") -> Encogroup | E18: 28M LCMG MANLIFT | F18: =_xlfn.XLOOKUP(Table134526_79101120212223242526[[#This Row],[Name Surname]],Manpower!C:C,Manpower!D:D,) -> #N/A | G18: =_xlfn.XLOOKUP(Table134526_79101120212223242526[[#This Row],[Name Surname]],Manpower!$C$4:$C$1048576,Manpower!$F$4:$F$1048576,"") -> 28M-Manlift | H18: =_xlfn.XLOOKUP(Table134526_79101120212223242526[[#This Row],[Name Surname]],Manpower!$C$4:$C$1048576,Manpower!$H$4:$H$1048576,"") -> Equipment | I18: =_xlfn.XLOOKUP(Table134526_79101120212223242526[[#This Row],[Name Surname]],Manpower!$C$4:$C$1048576,Manpower!$H$4:$H$1048576,"") -> Equipment | J18: Yard 2 | K18: _ | L18: CT-1010-02 | M18: Idle | N18: 8 | O18: Steel Structure Works | P18: Strucutre Pre-Assembly | Q18: Strucutre Pre-Assembly | R18: No usage
A19: =IF(C19="","",MAX($A$1:A18)+1) -> 18 | B19: Ebin | C19: 46082 | D19: =_xlfn.XLOOKUP(Table134526_79101120212223242526[[#This Row],[Name Surname]],Manpower!$C$4:$C$1048576,Manpower!$B$4:$B$1048576,"") -> Encogroup | E19: Ebin Ben | F19: =_xlfn.XLOOKUP(Table134526_79101120212223242526[[#This Row],[Name Surname]],Manpower!C:C,Manpower!D:D,) -> 116589569 | G19: =_xlfn.XLOOKUP(Table134526_79101120212223242526[[#This Row],[Name Surname]],Manpower!$C$4:$C$1048576,Manpower!$F$4:$F$1048576,"") -> Mechanical Engineer | H19: =_xlfn.XLOOKUP(Table134526_79101120212223242526[[#This Row],[Name Surname]],Manpower!$C$4:$C$1048576,Manpower!$H$4:$H$1048576,"") -> Manpower | I19: =_xlfn.XLOOKUP(Table134526_79101120212223242526[[#This Row],[Name Surname]],Manpower!$C$4:$C$1048576,Manpower!$H$4:$H$1048576,"") -> Manpower | J19: Yard 2 | K19: _ | L19: CT-1010-02 | M19: Idle | N19: 5 | O19: Steel Structure Works | P19: Strucutre Pre-Assembly | Q19: Strucutre Pre-Assembly | R19: Structural material segregation, offloading of materials from yard-3 to yard-2, pre-assembly&erection on temporary support installation
A20: =IF(C20="","",MAX($A$1:A18)+1) -> 18 | B20: Ebin | C20: 46082 | D20: =_xlfn.XLOOKUP(Table134526_79101120212223242526[[#This Row],[Name Surname]],Manpower!$C$4:$C$1048576,Manpower!$B$4:$B$1048576,"") -> Encogroup | E20: Ajithkumar Aravindakshanpillai | F20: =_xlfn.XLOOKUP(Table134526_79101120212223242526[[#This Row],[Name Surname]],Manpower!C:C,Manpower!D:D,) -> 140693697 | G20: =_xlfn.XLOOKUP(Table134526_79101120212223242526[[#This Row],[Name Surname]],Manpower!$C$4:$C$1048576,Manpower!$F$4:$F$1048576,"") -> HSE Officer | H20: =_xlfn.XLOOKUP(Table134526_79101120212223242526[[#This Row],[Name Surname]],Manpower!$C$4:$C$1048576,Manpower!$H$4:$H$1048576,"") -> Manpower | I20: =_xlfn.XLOOKUP(Table134526_79101120212223242526[[#This Row],[Name Surname]],Manpower!$C$4:$C$1048576,Manpower!$H$4:$H$1048576,"") -> Manpower | J20: Yard 2 | K20: _ | L20: CT-1010-02 | M20: Day | N20: 10 | O20: Steel Structure Works | P20: Strucutre Pre-Assembly | Q20: Strucutre Pre-Assembly | R20: Structural material segregation, offloading of materials from yard-3 to yard-2, pre-assembly&erection on temporary support installation
A21: =IF(C21="","",MAX($A$1:A20)+1) -> 19 | B21: Ebin | C21: 46082 | D21: =_xlfn.XLOOKUP(Table134526_79101120212223242526[[#This Row],[Name Surname]],Manpower!$C$4:$C$1048576,Manpower!$B$4:$B$1048576,"") -> Encogroup | E21: Ashwini Kumar | F21: =_xlfn.XLOOKUP(Table134526_79101120212223242526[[#This Row],[Name Surname]],Manpower!C:C,Manpower!D:D,) -> 127414586 | G21: =_xlfn.XLOOKUP(Table134526_79101120212223242526[[#This Row],[Name Surname]],Manpower!$C$4:$C$1048576,Manpower!$F$4:$F$1048576,"") -> Electrician | H21: =_xlfn.XLOOKUP(Table134526_79101120212223242526[[#This Row],[Name Surname]],Manpower!$C$4:$C$1048576,Manpower!$H$4:$H$1048576,"") -> Manpower | I21: =_xlfn.XLOOKUP(Table134526_79101120212223242526[[#This Row],[Name Surname]],Manpower!$C$4:$C$1048576,Manpower!$H$4:$H$1048576,"") -> Manpower | J21: Yard 2 | K21: _ | L21: CT-1010-02 | M21: Day | N21: 5 | O21: Electrical Works | P21: Strucutre Pre-Assembly | Q21: Electrical testing | R21: Structural material segregation, offloading of materials from yard-3 to yard-2, pre-assembly&erection on temporary support installation
A22: =IF(C22="","",MAX($A$1:A21)+1) -> 20 | B22: Ebin | C22: 46082 | D22: =_xlfn.XLOOKUP(Table134526_79101120212223242526[[#This Row],[Name Surname]],Manpower!$C$4:$C$1048576,Manpower!$B$4:$B$1048576,"") -> Encogroup | E22: Clyde Abrazaldo | F22: =_xlfn.XLOOKUP(Table134526_79101120212223242526[[#This Row],[Name Surname]],Manpower!C:C,Manpower!D:D,) -> 141169085 | G22: =_xlfn.XLOOKUP(Table134526_79101120212223242526[[#This Row],[Name Surname]],Manpower!$C$4:$C$1048576,Manpower!$F$4:$F$1048576,"") -> Welder | H22: =_xlfn.XLOOKUP(Table134526_79101120212223242526[[#This Row],[Name Surname]],Manpower!$C$4:$C$1048576,Manpower!$H$4:$H$1048576,"") -> Manpower | I22: =_xlfn.XLOOKUP(Table134526_79101120212223242526[[#This Row],[Name Surname]],Manpower!$C$4:$C$1048576,Manpower!$H$4:$H$1048576,"") -> Manpower | J22: Yard 2 | K22: _ | L22: CT-1010-02 | M22: Day | N22: 8 | O22: Steel Structure Works | P22: Ground pre-assembly | Q22: Ground pre-assembly | R22: Structural material segregation, offloading of materials from yard-3 to yard-2, pre-assembly&erection on temporary support installation | S22: YARD 3
A23: =IF(C23="","",MAX($A$1:A22)+1) -> 21 | B23: Ebin | C23: 46082 | D23: =_xlfn.XLOOKUP(Table134526_79101120212223242526[[#This Row],[Name Surname]],Manpower!$C$4:$C$1048576,Manpower!$B$4:$B$1048576,"") -> Encogroup | E23: Daniel Jr Mosiquira | F23: =_xlfn.XLOOKUP(Table134526_79101120212223242526[[#This Row],[Name Surname]],Manpower!C:C,Manpower!D:D,) -> 141169047 | G23: =_xlfn.XLOOKUP(Table134526_79101120212223242526[[#This Row],[Name Surname]],Manpower!$C$4:$C$1048576,Manpower!$F$4:$F$1048576,"") -> Welder | H23: =_xlfn.XLOOKUP(Table134526_79101120212223242526[[#This Row],[Name Surname]],Manpower!$C$4:$C$1048576,Manpower!$H$4:$H$1048576,"") -> Manpower | I23: =_xlfn.XLOOKUP(Table134526_79101120212223242526[[#This Row],[Name Surname]],Manpower!$C$4:$C$1048576,Manpower!$H$4:$H$1048576,"") -> Manpower | J23: Yard 2 | K23: _ | L23: CT-1010-02 | M23: Day | N23: 8 | O23: Steel Structure Works | P23: Ground pre-assembly | Q23: Ground pre-assembly | R23: Structural material segregation, offloading of materials from yard-3 to yard-2, pre-assembly&erection on temporary support installation | S23: YARD 3
A24: =IF(C24="","",MAX($A$1:A23)+1) -> 22 | B24: Ebin | C24: 46082 | D24: =_xlfn.XLOOKUP(Table134526_79101120212223242526[[#This Row],[Name Surname]],Manpower!$C$4:$C$1048576,Manpower!$B$4:$B$1048576,"") -> Encogroup | E24: Dharmvir Upadhyay | F24: =_xlfn.XLOOKUP(Table134526_79101120212223242526[[#This Row],[Name Surname]],Manpower!C:C,Manpower!D:D,) -> 140844797 | G24: =_xlfn.XLOOKUP(Table134526_79101120212223242526[[#This Row],[Name Surname]],Manpower!$C$4:$C$1048576,Manpower!$F$4:$F$1048576,"") -> Fitter/Erector | H24: =_xlfn.XLOOKUP(Table134526_79101120212223242526[[#This Row],[Name Surname]],Manpower!$C$4:$C$1048576,Manpower!$H$4:$H$1048576,"") -> Manpower | I24: =_xlfn.XLOOKUP(Table134526_79101120212223242526[[#This Row],[Name Surname]],Manpower!$C$4:$C$1048576,Manpower!$H$4:$H$1048576,"") -> Manpower | J24: Yard 2 | K24: _ | L24: CT-1010-02 | M24: Day | N24: 8 | O24: Steel Structure Works | P24: Strucutre Pre-Assembly | Q24: Ground pre-assembly | R24: Structural material segregation, offloading of materials from yard-3 to yard-2, pre-assembly&erection on temporary support installation
A25: =IF(C25="","",MAX($A$1:A24)+1) -> 23 | B25: Ebin | C25: 46082 | D25: =_xlfn.XLOOKUP(Table134526_79101120212223242526[[#This Row],[Name Surname]],Manpower!$C$4:$C$1048576,Manpower!$B$4:$B$1048576,"") -> Encogroup | E25: 22KVA GENERATOR | F25: =_xlfn.XLOOKUP(Table134526_79101120212223242526[[#This Row],[Name Surname]],Manpower!C:C,Manpower!D:D,) -> #N/A | G25: =_xlfn.XLOOKUP(Table134526_79101120212223242526[[#This Row],[Name Surname]],Manpower!$C$4:$C$1048576,Manpower!$F$4:$F$1048576,"") -> 22KVA-Generator | H25: =_xlfn.XLOOKUP(Table134526_79101120212223242526[[#This Row],[Name Surname]],Manpower!$C$4:$C$1048576,Manpower!$H$4:$H$1048576,"") -> Equipment | I25: =_xlfn.XLOOKUP(Table134526_79101120212223242526[[#This Row],[Name Surname]],Manpower!$C$4:$C$1048576,Manpower!$H$4:$H$1048576,"") -> Equipment | J25: Yard 2 | K25: _ | L25: CT-1010-02 | M25: Day | N25: 8 | O25: Steel Structure Works | P25: Strucutre Pre-Assembly | Q25: Strucutre Pre-Assembly | R25: Structural material segregation, offloading of materials from yard-3 to yard-2, pre-assembly&erection on temporary support installation
A26: =IF(C26="","",MAX($A$1:A24)+1) -> 23 | B26: Ebin | C26: 46082 | D26: =_xlfn.XLOOKUP(Table134526_79101120212223242526[[#This Row],[Name Surname]],Manpower!$C$4:$C$1048576,Manpower!$B$4:$B$1048576,"") -> Bright Light | E26: Gurtirath Singh | F26: =_xlfn.XLOOKUP(Table134526_79101120212223242526[[#This Row],[Name Surname]],Manpower!C:C,Manpower!D:D,) -> 114531608 | G26: =_xlfn.XLOOKUP(Table134526_79101120212223242526[[#This Row],[Name Surname]],Manpower!$C$4:$C$1048576,Manpower!$F$4:$F$1048576,"") -> Crane Operator-150T Sany Crawler | H26: =_xlfn.XLOOKUP(Table134526_79101120212223242526[[#This Row],[Name Surname]],Manpower!$C$4:$C$1048576,Manpower!$H$4:$H$1048576,"") -> Manpower | I26: =_xlfn.XLOOKUP(Table134526_79101120212223242526[[#This Row],[Name Surname]],Manpower!$C$4:$C$1048576,Manpower!$H$4:$H$1048576,"") -> Manpower | J26: Yard 2 | K26: _ | L26: CT-1010-02 | M26: Day | N26: 8 | O26: Material Handling | P26: Strucutre Pre-Assembly | Q26: Material unloading by crane | R26: Structural material segregation, offloading of materials from yard-3 to yard-2, pre-assembly&erection on temporary support installation
A27: =IF(C27="","",MAX($A$1:A26)+1) -> 24 | B27: Ebin | C27: 46082 | D27: =_xlfn.XLOOKUP(Table134526_79101120212223242526[[#This Row],[Name Surname]],Manpower!$C$4:$C$1048576,Manpower!$B$4:$B$1048576,"") -> AL Saif & Al QALLM ENT LLC | E27: MD Ayub Ali | F27: =_xlfn.XLOOKUP(Table134526_79101120212223242526[[#This Row],[Name Surname]],Manpower!C:C,Manpower!D:D,) -> 108478006 | G27: =_xlfn.XLOOKUP(Table134526_79101120212223242526[[#This Row],[Name Surname]],Manpower!$C$4:$C$1048576,Manpower!$F$4:$F$1048576,"") -> RIgger | H27: =_xlfn.XLOOKUP(Table134526_79101120212223242526[[#This Row],[Name Surname]],Manpower!$C$4:$C$1048576,Manpower!$H$4:$H$1048576,"") -> Sub Contactor | I27: =_xlfn.XLOOKUP(Table134526_79101120212223242526[[#This Row],[Name Surname]],Manpower!$C$4:$C$1048576,Manpower!$H$4:$H$1048576,"") -> Sub Contactor | J27: Yard 2 | K27: _ | L27: CT-1010-02 | M27: Day | N27: 8 | O27: Steel Structure Works | P27: Strucutre Pre-Assembly | Q27: Strucutre Pre-Assembly | R27: Structural material segregation, offloading of materials from yard-3 to yard-2, pre-assembly&erection on temporary support installation
A28: =IF(C28="","",MAX($A$1:A27)+1) -> 25 | B28: Ebin | C28: 46082 | D28: =_xlfn.XLOOKUP(Table134526_79101120212223242526[[#This Row],[Name Surname]],Manpower!$C$4:$C$1048576,Manpower!$B$4:$B$1048576,"") -> AL Omar International TRAD AND CONT | E28: Md Hasan Howlader | F28: =_xlfn.XLOOKUP(Table134526_79101120212223242526[[#This Row],[Name Surname]],Manpower!C:C,Manpower!D:D,) -> 115018512 | G28: =_xlfn.XLOOKUP(Table134526_79101120212223242526[[#This Row],[Name Surname]],Manpower!$C$4:$C$1048576,Manpower!$F$4:$F$1048576,"") -> RIgger | H28: =_xlfn.XLOOKUP(Table134526_79101120212223242526[[#This Row],[Name Surname]],Manpower!$C$4:$C$1048576,Manpower!$H$4:$H$1048576,"") -> Sub Contactor | I28: =_xlfn.XLOOKUP(Table134526_79101120212223242526[[#This Row],[Name Surname]],Manpower!$C$4:$C$1048576,Manpower!$H$4:$H$1048576,"") -> Sub Contactor | J28: Yard 2 | K28: _ | L28: CT-1010-02 | M28: Day | N28: 8 | O28: Steel Structure Works | P28: Strucutre Pre-Assembly | Q28: Ground pre-assembly | R28: Structural material segregation, offloading of materials from yard-3 to yard-2, pre-assembly&erection on temporary support installation
A29: =IF(C29="","",MAX($A$1:A28)+1) -> 26 | B29: Ebin | C29: 46082 | D29: =_xlfn.XLOOKUP(Table134526_79101120212223242526[[#This Row],[Name Surname]],Manpower!$C$4:$C$1048576,Manpower!$B$4:$B$1048576,"") -> Encogroup | E29: Pappu Kumar Yadaw | F29: =_xlfn.XLOOKUP(Table134526_79101120212223242526[[#This Row],[Name Surname]],Manpower!C:C,Manpower!D:D,) -> 122082769 | G29: =_xlfn.XLOOKUP(Table134526_79101120212223242526[[#This Row],[Name Surname]],Manpower!$C$4:$C$1048576,Manpower!$F$4:$F$1048576,"") -> Grinder | H29: =_xlfn.XLOOKUP(Table134526_79101120212223242526[[#This Row],[Name Surname]],Manpower!$C$4:$C$1048576,Manpower!$H$4:$H$1048576,"") -> Manpower | I29: =_xlfn.XLOOKUP(Table134526_79101120212223242526[[#This Row],[Name Surname]],Manpower!$C$4:$C$1048576,Manpower!$H$4:$H$1048576,"") -> Manpower | J29: Yard 2 | K29: _ | L29: CT-1010-02 | M29: Day | N29: 8 | O29: Steel Structure Works | P29: Strucutre Pre-Assembly | Q29: Ground pre-assembly | R29: Structural material segregation, offloading of materials from yard-3 to yard-2, pre-assembly&erection on temporary support installation
A30: =IF(C30="","",MAX($A$1:A29)+1) -> 27 | B30: Ebin | C30: 46082 | D30: =_xlfn.XLOOKUP(Table134526_79101120212223242526[[#This Row],[Name Surname]],Manpower!$C$4:$C$1048576,Manpower!$B$4:$B$1048576,"") -> Encogroup | E30: Rabih Rifai | F30: =_xlfn.XLOOKUP(Table134526_79101120212223242526[[#This Row],[Name Surname]],Manpower!C:C,Manpower!D:D,) -> 116915582 | G30: =_xlfn.XLOOKUP(Table134526_79101120212223242526[[#This Row],[Name Surname]],Manpower!$C$4:$C$1048576,Manpower!$F$4:$F$1048576,"") -> Mechanical Superintendent | H30: =_xlfn.XLOOKUP(Table134526_79101120212223242526[[#This Row],[Name Surname]],Manpower!$C$4:$C$1048576,Manpower!$H$4:$H$1048576,"") -> Manpower | I30: =_xlfn.XLOOKUP(Table134526_79101120212223242526[[#This Row],[Name Surname]],Manpower!$C$4:$C$1048576,Manpower!$H$4:$H$1048576,"") -> Manpower | J30: Yard 2 | K30: _ | L30: CT-1010-02 | M30: Day | N30: 6 | O30: Steel Structure Works | P30: Strucutre Pre-Assembly | Q30: Ground pre-assembly | R30: Structural material segregation, offloading of materials from yard-3 to yard-2, pre-assembly&erection on temporary support installation
A31: =IF(C31="","",MAX($A$1:A30)+1) -> 28 | B31: Ebin | C31: 46082 | D31: =_xlfn.XLOOKUP(Table134526_79101120212223242526[[#This Row],[Name Surname]],Manpower!$C$4:$C$1048576,Manpower!$B$4:$B$1048576,"") -> Encogroup | E31: Rogie Jr Mabilog | F31: =_xlfn.XLOOKUP(Table134526_79101120212223242526[[#This Row],[Name Surname]],Manpower!C:C,Manpower!D:D,) -> 141169071 | G31: =_xlfn.XLOOKUP(Table134526_79101120212223242526[[#This Row],[Name Surname]],Manpower!$C$4:$C$1048576,Manpower!$F$4:$F$1048576,"") -> Welding Supervisor | H31: =_xlfn.XLOOKUP(Table134526_79101120212223242526[[#This Row],[Name Surname]],Manpower!$C$4:$C$1048576,Manpower!$H$4:$H$1048576,"") -> Manpower | I31: =_xlfn.XLOOKUP(Table134526_79101120212223242526[[#This Row],[Name Surname]],Manpower!$C$4:$C$1048576,Manpower!$H$4:$H$1048576,"") -> Manpower | J31: Yard 2 | K31: _ | L31: CT-1010-02 | M31: Day | N31: 8 | O31: Steel Structure Works | P31: Strucutre Pre-Assembly | Q31: Ground pre-assembly | R31: Structural material segregation, offloading of materials from yard-3 to yard-2, pre-assembly&erection on temporary support installation
A32: =IF(C32="","",MAX($A$1:A31)+1) -> 29 | B32: Ebin | C32: 46082 | D32: =_xlfn.XLOOKUP(Table134526_79101120212223242526[[#This Row],[Name Surname]],Manpower!$C$4:$C$1048576,Manpower!$B$4:$B$1048576,"") -> Encogroup | E32: Shivam Yadhav | F32: =_xlfn.XLOOKUP(Table134526_79101120212223242526[[#This Row],[Name Surname]],Manpower!C:C,Manpower!D:D,) -> 141365126 | G32: =_xlfn.XLOOKUP(Table134526_79101120212223242526[[#This Row],[Name Surname]],Manpower!$C$4:$C$1048576,Manpower!$F$4:$F$1048576,"") -> Helper | H32: =_xlfn.XLOOKUP(Table134526_79101120212223242526[[#This Row],[Name Surname]],Manpower!$C$4:$C$1048576,Manpower!$H$4:$H$1048576,"") -> Manpower | I32: =_xlfn.XLOOKUP(Table134526_79101120212223242526[[#This Row],[Name Surname]],Manpower!$C$4:$C$1048576,Manpower!$H$4:$H$1048576,"") -> Manpower | J32: Yard 2 | K32: _ | L32: CT-1010-02 | M32: Day | N32: 8 | O32: Steel Structure Works | P32: Strucutre Pre-Assembly | Q32: Ground pre-assembly | R32: Structural material segregation, offloading of materials from yard-3 to yard-2, pre-assembly&erection on temporary support installation
A33: =IF(C33="","",MAX($A$1:A32)+1) -> 30 | B33: Ebin | C33: 46082 | D33: =_xlfn.XLOOKUP(Table134526_79101120212223242526[[#This Row],[Name Surname]],Manpower!$C$4:$C$1048576,Manpower!$B$4:$B$1048576,"") -> Bright Light | E33: Siyaram Yadav | F33: =_xlfn.XLOOKUP(Table134526_79101120212223242526[[#This Row],[Name Surname]],Manpower!C:C,Manpower!D:D,) -> 81379273 | G33: =_xlfn.XLOOKUP(Table134526_79101120212223242526[[#This Row],[Name Surname]],Manpower!$C$4:$C$1048576,Manpower!$F$4:$F$1048576,"") -> Crane Operator-100T Sany Telescopic | H33: Manpower | I33: =_xlfn.XLOOKUP(Table134526_79101120212223242526[[#This Row],[Name Surname]],Manpower!$C$4:$C$1048576,Manpower!$H$4:$H$1048576,"") -> Manpower | J33: Yard 2 | K33: _ | L33: CT-1010-02 | M33: Day | N33: 8 | O33: Material Handling | P33: Strucutre Pre-Assembly | Q33: Material unloading by crane | R33: Structural material segregation, offloading of materials from yard-3 to yard-2, pre-assembly&erection on temporary support installation
A34: =IF(C34="","",MAX($A$1:A33)+1) -> 31 | B34: Ebin | C34: 46082 | D34: =_xlfn.XLOOKUP(Table134526_79101120212223242526[[#This Row],[Name Surname]],Manpower!$C$4:$C$1048576,Manpower!$B$4:$B$1048576,"") -> Encogroup | E34: Sonu Kumar Pandey | F34: =_xlfn.XLOOKUP(Table134526_79101120212223242526[[#This Row],[Name Surname]],Manpower!C:C,Manpower!D:D,) -> 140764706 | G34: =_xlfn.XLOOKUP(Table134526_79101120212223242526[[#This Row],[Name Surname]],Manpower!$C$4:$C$1048576,Manpower!$F$4:$F$1048576,"") -> Rigger | H34: =_xlfn.XLOOKUP(Table134526_79101120212223242526[[#This Row],[Name Surname]],Manpower!$C$4:$C$1048576,Manpower!$H$4:$H$1048576,"") -> Manpower | I34: =_xlfn.XLOOKUP(Table134526_79101120212223242526[[#This Row],[Name Surname]],Manpower!$C$4:$C$1048576,Manpower!$H$4:$H$1048576,"") -> Manpower | J34: Yard 2 | K34: _ | L34: CT-1010-02 | M34: Day | N34: 8 | O34: Steel Structure Works | P34: Strucutre Pre-Assembly | Q34: Ground pre-assembly | R34: Structural material segregation, offloading of materials from yard-3 to yard-2, pre-assembly&erection on temporary support installation
A35: =IF(C35="","",MAX($A$1:A34)+1) -> 32 | B35: Ebin | C35: 46082 | D35: =_xlfn.XLOOKUP(Table134526_79101120212223242526[[#This Row],[Name Surname]],Manpower!$C$4:$C$1048576,Manpower!$B$4:$B$1048576,"") -> Encogroup | E35: Tamoor Ali Khan | F35: =_xlfn.XLOOKUP(Table134526_79101120212223242526[[#This Row],[Name Surname]],Manpower!C:C,Manpower!D:D,) -> 135325259 | G35: =_xlfn.XLOOKUP(Table134526_79101120212223242526[[#This Row],[Name Surname]],Manpower!$C$4:$C$1048576,Manpower!$F$4:$F$1048576,"") -> Permit Receiver | H35: =_xlfn.XLOOKUP(Table134526_79101120212223242526[[#This Row],[Name Surname]],Manpower!$C$4:$C$1048576,Manpower!$H$4:$H$1048576,"") -> Manpower | I35: =_xlfn.XLOOKUP(Table134526_79101120212223242526[[#This Row],[Name Surname]],Manpower!$C$4:$C$1048576,Manpower!$H$4:$H$1048576,"") -> Manpower | J35: Yard 2 | K35: _ | L35: CT-1010-02 | M35: Day | N35: 8 | O35: Steel Structure Works | P35: Strucutre Pre-Assembly | Q35: Ground pre-assembly | R35: Structural material segregation, offloading of materials from yard-3 to yard-2, pre-assembly&erection on temporary support installation
A36: =IF(C36="","",MAX($A$1:A35)+1) -> 33 | B36: Ebin | C36: 46082 | D36: =_xlfn.XLOOKUP(Table134526_79101120212223242526[[#This Row],[Name Surname]],Manpower!$C$4:$C$1048576,Manpower!$B$4:$B$1048576,"") -> Encogroup | E36: Tej Pradap Sharma | F36: =_xlfn.XLOOKUP(Table134526_79101120212223242526[[#This Row],[Name Surname]],Manpower!C:C,Manpower!D:D,) -> 141365089 | G36: =_xlfn.XLOOKUP(Table134526_79101120212223242526[[#This Row],[Name Surname]],Manpower!$C$4:$C$1048576,Manpower!$F$4:$F$1048576,"") -> Fitter | H36: =_xlfn.XLOOKUP(Table134526_79101120212223242526[[#This Row],[Name Surname]],Manpower!$C$4:$C$1048576,Manpower!$H$4:$H$1048576,"") -> Manpower | I36: =_xlfn.XLOOKUP(Table134526_79101120212223242526[[#This Row],[Name Surname]],Manpower!$C$4:$C$1048576,Manpower!$H$4:$H$1048576,"") -> Manpower | J36: Yard 2 | K36: _ | L36: CT-1010-02 | M36: Day | N36: 8 | O36: Steel Structure Works | P36: Strucutre Pre-Assembly | Q36: Ground pre-assembly | R36: Structural material segregation, offloading of materials from yard-3 to yard-2, pre-assembly&erection on temporary support installation
A37: =IF(C37="","",MAX($A$1:A36)+1) -> 34 | B37: Ebin | C37: 46082 | D37: =_xlfn.XLOOKUP(Table134526_79101120212223242526[[#This Row],[Name Surname]],Manpower!$C$4:$C$1048576,Manpower!$B$4:$B$1048576,"") -> Encogroup | E37: Vinay Chaudhary | F37: =_xlfn.XLOOKUP(Table134526_79101120212223242526[[#This Row],[Name Surname]],Manpower!C:C,Manpower!D:D,) -> 122179604 | G37: =_xlfn.XLOOKUP(Table134526_79101120212223242526[[#This Row],[Name Surname]],Manpower!$C$4:$C$1048576,Manpower!$F$4:$F$1048576,"") -> Fitter/Erector | H37: =_xlfn.XLOOKUP(Table134526_79101120212223242526[[#This Row],[Name Surname]],Manpower!$C$4:$C$1048576,Manpower!$H$4:$H$1048576,"") -> Manpower | I37: =_xlfn.XLOOKUP(Table134526_79101120212223242526[[#This Row],[Name Surname]],Manpower!$C$4:$C$1048576,Manpower!$H$4:$H$1048576,"") -> Manpower | J37: Yard 2 | K37: _ | L37: CT-1010-02 | M37: Day | N37: 8 | O37: Steel Structure Works | P37: Strucutre Pre-Assembly | Q37: Ground pre-assembly | R37: Structural material segregation, offloading of materials from yard-3 to yard-2, pre-assembly&erection on temporary support installation
A38: =IF(C38="","",MAX($A$1:A37)+1) -> 35 | B38: Ebin | C38: 46082 | D38: =_xlfn.XLOOKUP(Table134526_79101120212223242526[[#This Row],[Name Surname]],Manpower!$C$4:$C$1048576,Manpower!$B$4:$B$1048576,"") -> Encogroup | E38: Arunkumar Surendran | F38: =_xlfn.XLOOKUP(Table134526_79101120212223242526[[#This Row],[Name Surname]],Manpower!C:C,Manpower!D:D,) -> 127859069 | G38: =_xlfn.XLOOKUP(Table134526_79101120212223242526[[#This Row],[Name Surname]],Manpower!$C$4:$C$1048576,Manpower!$F$4:$F$1048576,"") -> QC Mechanical Engineer | H38: =_xlfn.XLOOKUP(Table134526_79101120212223242526[[#This Row],[Name Surname]],Manpower!$C$4:$C$1048576,Manpower!$H$4:$H$1048576,"") -> Manpower | I38: =_xlfn.XLOOKUP(Table134526_79101120212223242526[[#This Row],[Name Surname]],Manpower!$C$4:$C$1048576,Manpower!$H$4:$H$1048576,"") -> Manpower | J38: Yard 2 | K38: _ | L38: CT-1010-02 | M38: Day | N38: 10 | O38: Steel Structure Works | P38: Strucutre Pre-Assembly | Q38: Torque tightening | R38: Structural material segregation, offloading of materials from yard-3 to yard-2, pre-assembly&erection on temporary support installation
A39: =IF(C39="","",MAX($A$1:A37)+1) -> 35 | B39: Ebin | C39: 46082 | D39: =_xlfn.XLOOKUP(Table134526_79101120212223242526[[#This Row],[Name Surname]],Manpower!$C$4:$C$1048576,Manpower!$B$4:$B$1048576,"") -> Encogroup | E39: Verendra Kumar Hari Lal | F39: =_xlfn.XLOOKUP(Table134526_79101120212223242526[[#This Row],[Name Surname]],Manpower!C:C,Manpower!D:D,) -> 140844618 | G39: =_xlfn.XLOOKUP(Table134526_79101120212223242526[[#This Row],[Name Surname]],Manpower!$C$4:$C$1048576,Manpower!$F$4:$F$1048576,"") -> Assistant/Helper | H39: =_xlfn.XLOOKUP(Table134526_79101120212223242526[[#This Row],[Name Surname]],Manpower!$C$4:$C$1048576,Manpower!$H$4:$H$1048576,"") -> Manpower | I39: =_xlfn.XLOOKUP(Table134526_79101120212223242526[[#This Row],[Name Surname]],Manpower!$C$4:$C$1048576,Manpower!$H$4:$H$1048576,"") -> Manpower | J39: Yard 2 | K39: _ | L39: CT-1010-02 | M39: Day | N39: 3 | O39: Steel Structure Works | P39: Strucutre Pre-Assembly | Q39: Ground pre-assembly | R39: Structural material segregation, offloading of materials from yard-3 to yard-2, pre-assembly&erection on temporary support installation
A40: =IF(C40="","",MAX($A$1:A37)+1) -> 35 | B40: Ebin | C40: 46082 | D40: =_xlfn.XLOOKUP(Table134526_79101120212223242526[[#This Row],[Name Surname]],Manpower!$C$4:$C$1048576,Manpower!$B$4:$B$1048576,"") -> AL Omar International TRAD AND CONT | E40: Md Tarek Hossain | F40: =_xlfn.XLOOKUP(Table134526_79101120212223242526[[#This Row],[Name Surname]],Manpower!C:C,Manpower!D:D,) -> 114929202 | G40: =_xlfn.XLOOKUP(Table134526_79101120212223242526[[#This Row],[Name Surname]],Manpower!$C$4:$C$1048576,Manpower!$F$4:$F$1048576,"") -> RIgger | H40: =_xlfn.XLOOKUP(Table134526_79101120212223242526[[#This Row],[Name Surname]],Manpower!$C$4:$C$1048576,Manpower!$H$4:$H$1048576,"") -> Sub Contactor | I40: =_xlfn.XLOOKUP(Table134526_79101120212223242526[[#This Row],[Name Surname]],Manpower!$C$4:$C$1048576,Manpower!$H$4:$H$1048576,"") -> Sub Contactor | J40: Yard 2 | K40: _ | L40: CT-1010-02 | M40: Day | N40: 3 | O40: Steel Structure Works | P40: Strucutre Pre-Assembly | Q40: Ground pre-assembly | R40: Structural material segregation, offloading of materials from yard-3 to yard-2, pre-assembly&erection on temporary support installation
A41: =IF(C41="","",MAX($A$1:A37)+1) -> 35 | B41: Ebin | C41: 46082 | D41: =_xlfn.XLOOKUP(Table134526_79101120212223242526[[#This Row],[Name Surname]],Manpower!$C$4:$C$1048576,Manpower!$B$4:$B$1048576,"") -> Encogroup | E41: Wesley Jan Estandarte | F41: =_xlfn.XLOOKUP(Table134526_79101120212223242526[[#This Row],[Name Surname]],Manpower!C:C,Manpower!D:D,) -> 117255966 | G41: =_xlfn.XLOOKUP(Table134526_79101120212223242526[[#This Row],[Name Surname]],Manpower!$C$4:$C$1048576,Manpower!$F$4:$F$1048576,"") -> Mechanical Supervisor | H41: =_xlfn.XLOOKUP(Table134526_79101120212223242526[[#This Row],[Name Surname]],Manpower!$C$4:$C$1048576,Manpower!$H$4:$H$1048576,"") -> Manpower | I41: =_xlfn.XLOOKUP(Table134526_79101120212223242526[[#This Row],[Name Surname]],Manpower!$C$4:$C$1048576,Manpower!$H$4:$H$1048576,"") -> Manpower | J41: Yard 2 | K41: _ | L41: CT-1010-02 | M41: Day | N41: 8 | O41: Steel Structure Works | P41: Strucutre Pre-Assembly | Q41: Ground pre-assembly | R41: Structural material segregation, offloading of materials from yard-3 to yard-2, pre-assembly&erection on temporary support installation
A42: =IF(C42="","",MAX($A$1:A41)+1) -> 36 | B42: Tamil | C42: 46082 | D42: =_xlfn.XLOOKUP(Table134526_79101120212223242526[[#This Row],[Name Surname]],Manpower!$C$4:$C$1048576,Manpower!$B$4:$B$1048576,"") -> Encogroup | E42: 22M HAULOTTE MANLIFT-1 | F42: =_xlfn.XLOOKUP(Table134526_79101120212223242526[[#This Row],[Name Surname]],Manpower!C:C,Manpower!D:D,) -> #N/A | G42: =_xlfn.XLOOKUP(Table134526_79101120212223242526[[#This Row],[Name Surname]],Manpower!$C$4:$C$1048576,Manpower!$F$4:$F$1048576,"") -> 22M-Manlift | H42: =_xlfn.XLOOKUP(Table134526_79101120212223242526[[#This Row],[Name Surname]],Manpower!$C$4:$C$1048576,Manpower!$H$4:$H$1048576,"") -> Equipment | I42: =_xlfn.XLOOKUP(Table134526_79101120212223242526[[#This Row],[Name Surname]],Manpower!$C$4:$C$1048576,Manpower!$H$4:$H$1048576,"") -> Equipment | J42: Parking Area | K42: Tower-5&3 | L42: TR-1010-26 | M42: Day | N42: 8 | O42: Steel Structure Works | P42: Strucutre Pre-Assembly | Q42: Torque tightening | R42: Pre-assembly of Tower- 03
A43: =IF(C43="","",MAX($A$1:A42)+1) -> 37 | B43: Tamil | C43: 46082 | D43: =_xlfn.XLOOKUP(Table134526_79101120212223242526[[#This Row],[Name Surname]],Manpower!$C$4:$C$1048576,Manpower!$B$4:$B$1048576,"") -> Encogroup | E43: 22M HAULOTTE MANLIFT-2 | F43: =_xlfn.XLOOKUP(Table134526_79101120212223242526[[#This Row],[Name Surname]],Manpower!C:C,Manpower!D:D,) -> #N/A | G43: =_xlfn.XLOOKUP(Table134526_79101120212223242526[[#This Row],[Name Surname]],Manpower!$C$4:$C$1048576,Manpower!$F$4:$F$1048576,"") -> 22M-Manlift | H43: =_xlfn.XLOOKUP(Table134526_79101120212223242526[[#This Row],[Name Surname]],Manpower!$C$4:$C$1048576,Manpower!$H$4:$H$1048576,"") -> Equipment | I43: =_xlfn.XLOOKUP(Table134526_79101120212223242526[[#This Row],[Name Surname]],Manpower!$C$4:$C$1048576,Manpower!$H$4:$H$1048576,"") -> Equipment | J43: Parking Area | K43: Tower-5&3 | L43: TR-1010-26 | M43: Day | N43: 8 | O43: Steel Structure Works | P43: Ground pre-assembly | Q43: Torque tightening | R43: Bolt Torquing of Tower- 05
A44: =IF(C44="","",MAX($A$1:A43)+1) -> 38 | B44: Tamil | C44: 46082 | D44: =_xlfn.XLOOKUP(Table134526_79101120212223242526[[#This Row],[Name Surname]],Manpower!$C$4:$C$1048576,Manpower!$B$4:$B$1048576,"") -> Nass Group | E44: 70T TELESCOPIC CRANE-01 (RENTAL)-Liebherr | F44: =_xlfn.XLOOKUP(Table134526_79101120212223242526[[#This Row],[Name Surname]],Manpower!C:C,Manpower!D:D,) -> #N/A | G44: =_xlfn.XLOOKUP(Table134526_79101120212223242526[[#This Row],[Name Surname]],Manpower!$C$4:$C$1048576,Manpower!$F$4:$F$1048576,"") -> 70T-Telescopic crane | H44: =_xlfn.XLOOKUP(Table134526_79101120212223242526[[#This Row],[Name Surname]],Manpower!$C$4:$C$1048576,Manpower!$H$4:$H$1048576,"") -> Equipment | I44: =_xlfn.XLOOKUP(Table134526_79101120212223242526[[#This Row],[Name Surname]],Manpower!$C$4:$C$1048576,Manpower!$H$4:$H$1048576,"") -> Equipment | J44: Parking Area | K44: Tower-5&3 | L44: TR-1010-26 | M44: Day | N44: 8 | O44: Material Handling | P44: Strucutre Pre-Assembly | Q44: Material unloading by crane | R44: Pre-assembly of Tower- 03
A45: =IF(C45="","",MAX($A$1:A44)+1) -> 39 | B45: Tamil | C45: 46082 | D45: =_xlfn.XLOOKUP(Table134526_79101120212223242526[[#This Row],[Name Surname]],Manpower!$C$4:$C$1048576,Manpower!$B$4:$B$1048576,"") -> Encogroup | E45: Afaaq Hussain | F45: =_xlfn.XLOOKUP(Table134526_79101120212223242526[[#This Row],[Name Surname]],Manpower!C:C,Manpower!D:D,) -> 126724428 | G45: =_xlfn.XLOOKUP(Table134526_79101120212223242526[[#This Row],[Name Surname]],Manpower!$C$4:$C$1048576,Manpower!$F$4:$F$1048576,"") -> Surveyor | H45: =_xlfn.XLOOKUP(Table134526_79101120212223242526[[#This Row],[Name Surname]],Manpower!$C$4:$C$1048576,Manpower!$H$4:$H$1048576,"") -> Manpower | I45: =_xlfn.XLOOKUP(Table134526_79101120212223242526[[#This Row],[Name Surname]],Manpower!$C$4:$C$1048576,Manpower!$H$4:$H$1048576,"") -> Manpower | J45: Parking Area | K45: Tower-6 | L45: TR-1010-26 | M45: Day | N45: 8 | O45: Alignment of surveyor | P45: Alignment of surveyor | Q45: Alignment of surveyor | R45: Alignment of tower 6
A46: =IF(C46="","",MAX($A$1:A45)+1) -> 40 | B46: Tamil | C46: 46082 | D46: =_xlfn.XLOOKUP(Table134526_79101120212223242526[[#This Row],[Name Surname]],Manpower!$C$4:$C$1048576,Manpower!$B$4:$B$1048576,"") -> Encogroup | E46: Ahmad Kerbaj | F46: =_xlfn.XLOOKUP(Table134526_79101120212223242526[[#This Row],[Name Surname]],Manpower!C:C,Manpower!D:D,) -> 132915855 | G46: =_xlfn.XLOOKUP(Table134526_79101120212223242526[[#This Row],[Name Surname]],Manpower!$C$4:$C$1048576,Manpower!$F$4:$F$1048576,"") -> Mechanical Supervisor | H46: =_xlfn.XLOOKUP(Table134526_79101120212223242526[[#This Row],[Name Surname]],Manpower!$C$4:$C$1048576,Manpower!$H$4:$H$1048576,"") -> Manpower | I46: =_xlfn.XLOOKUP(Table134526_79101120212223242526[[#This Row],[Name Surname]],Manpower!$C$4:$C$1048576,Manpower!$H$4:$H$1048576,"") -> Manpower | J46: Parking Area | K46: Tower-5&3 | L46: TR-1010-26 | M46: Day | N46: 6 | O46: Steel Structure Works | P46: Ground pre-assembly | Q46: Ground pre-assembly | R46: _
A47: =IF(C47="","",MAX($A$1:A46)+1) -> 41 | B47: Tamil | C47: 46082 | D47: =_xlfn.XLOOKUP(Table134526_79101120212223242526[[#This Row],[Name Surname]],Manpower!$C$4:$C$1048576,Manpower!$B$4:$B$1048576,"") -> Encogroup | E47: Ajin Paramesvaran | F47: =_xlfn.XLOOKUP(Table134526_79101120212223242526[[#This Row],[Name Surname]],Manpower!C:C,Manpower!D:D,) -> 141377747 | G47: =_xlfn.XLOOKUP(Table134526_79101120212223242526[[#This Row],[Name Surname]],Manpower!$C$4:$C$1048576,Manpower!$F$4:$F$1048576,"") -> Painter | H47: =_xlfn.XLOOKUP(Table134526_79101120212223242526[[#This Row],[Name Surname]],Manpower!$C$4:$C$1048576,Manpower!$H$4:$H$1048576,"") -> Manpower | I47: =_xlfn.XLOOKUP(Table134526_79101120212223242526[[#This Row],[Name Surname]],Manpower!$C$4:$C$1048576,Manpower!$H$4:$H$1048576,"") -> Manpower | J47: Parking Area | K47: Tower-7 | L47: TR-1010-26 | M47: Day | N47: 8 | O47: Painting Coating | P47: Surface cleaning | Q47: Surface cleaning | R47: Painting touch-up- tower 7&columns
A48: =IF(C48="","",MAX($A$1:A47)+1) -> 42 | B48: Tamil | C48: 46082 | D48: =_xlfn.XLOOKUP(Table134526_79101120212223242526[[#This Row],[Name Surname]],Manpower!$C$4:$C$1048576,Manpower!$B$4:$B$1048576,"") -> Encogroup | E48: Akhilesh Kumar | F48: =_xlfn.XLOOKUP(Table134526_79101120212223242526[[#This Row],[Name Surname]],Manpower!C:C,Manpower!D:D,) -> 141359235 | G48: =_xlfn.XLOOKUP(Table134526_79101120212223242526[[#This Row],[Name Surname]],Manpower!$C$4:$C$1048576,Manpower!$F$4:$F$1048576,"") -> Fitter | H48: =_xlfn.XLOOKUP(Table134526_79101120212223242526[[#This Row],[Name Surname]],Manpower!$C$4:$C$1048576,Manpower!$H$4:$H$1048576,"") -> Manpower | I48: =_xlfn.XLOOKUP(Table134526_79101120212223242526[[#This Row],[Name Surname]],Manpower!$C$4:$C$1048576,Manpower!$H$4:$H$1048576,"") -> Manpower | J48: Parking Area | K48: Tower-5 | L48: TR-1010-26 | M48: Day | N48: 8 | O48: Steel Structure Works | P48: Strucutre Pre-Assembly | Q48: Torque tightening | R48: Bolt Torquing of Tower- 05
A49: =IF(C49="","",MAX($A$1:A48)+1) -> 43 | B49: Tamil | C49: 46082 | D49: =_xlfn.XLOOKUP(Table134526_79101120212223242526[[#This Row],[Name Surname]],Manpower!$C$4:$C$1048576,Manpower!$B$4:$B$1048576,"") -> Encogroup | E49: Dipu Sing | F49: =_xlfn.XLOOKUP(Table134526_79101120212223242526[[#This Row],[Name Surname]],Manpower!C:C,Manpower!D:D,) -> 140697025 | G49: =_xlfn.XLOOKUP(Table134526_79101120212223242526[[#This Row],[Name Surname]],Manpower!$C$4:$C$1048576,Manpower!$F$4:$F$1048576,"") -> Assistant/Helper | H49: =_xlfn.XLOOKUP(Table134526_79101120212223242526[[#This Row],[Name Surname]],Manpower!$C$4:$C$1048576,Manpower!$H$4:$H$1048576,"") -> Manpower | I49: =_xlfn.XLOOKUP(Table134526_79101120212223242526[[#This Row],[Name Surname]],Manpower!$C$4:$C$1048576,Manpower!$H$4:$H$1048576,"") -> Manpower | J49: Parking Area | K49: Tower-5&3 | L49: TR-1010-26 | M49: Day | N49: 8 | O49: Steel Structure Works | P49: Strucutre Pre-Assembly | Q49: Ground pre-assembly | R49: Signal-Man
A50: =IF(C50="","",MAX($A$1:A49)+1) -> 44 | B50: Tamil | C50: 46082 | D50: =_xlfn.XLOOKUP(Table134526_79101120212223242526[[#This Row],[Name Surname]],Manpower!$C$4:$C$1048576,Manpower!$B$4:$B$1048576,"") -> Encogroup | E50: Erick Atienza | F50: =_xlfn.XLOOKUP(Table134526_79101120212223242526[[#This Row],[Name Surname]],Manpower!C:C,Manpower!D:D,) -> 141169052 | G50: =_xlfn.XLOOKUP(Table134526_79101120212223242526[[#This Row],[Name Surname]],Manpower!$C$4:$C$1048576,Manpower!$F$4:$F$1048576,"") -> Welder | H50: =_xlfn.XLOOKUP(Table134526_79101120212223242526[[#This Row],[Name Surname]],Manpower!$C$4:$C$1048576,Manpower!$H$4:$H$1048576,"") -> Manpower | I50: =_xlfn.XLOOKUP(Table134526_79101120212223242526[[#This Row],[Name Surname]],Manpower!$C$4:$C$1048576,Manpower!$H$4:$H$1048576,"") -> Manpower | J50: Parking Area | K50: Tower-5 | L50: TR-1010-26 | M50: Day | N50: 8 | O50: Steel Structure Works | P50: Strucutre Pre-Assembly | Q50: Torque tightening | R50: Bolt Torquing of Tower- 05
A51: =IF(C51="","",MAX($A$1:A50)+1) -> 45 | B51: Tamil | C51: 46082 | D51: =_xlfn.XLOOKUP(Table134526_79101120212223242526[[#This Row],[Name Surname]],Manpower!$C$4:$C$1048576,Manpower!$B$4:$B$1048576,"") -> Encogroup | E51: Gulshan Gautham | F51: =_xlfn.XLOOKUP(Table134526_79101120212223242526[[#This Row],[Name Surname]],Manpower!C:C,Manpower!D:D,) -> 141365075 | G51: =_xlfn.XLOOKUP(Table134526_79101120212223242526[[#This Row],[Name Surname]],Manpower!$C$4:$C$1048576,Manpower!$F$4:$F$1048576,"") -> Helper | H51: =_xlfn.XLOOKUP(Table134526_79101120212223242526[[#This Row],[Name Surname]],Manpower!$C$4:$C$1048576,Manpower!$H$4:$H$1048576,"") -> Manpower | I51: =_xlfn.XLOOKUP(Table134526_79101120212223242526[[#This Row],[Name Surname]],Manpower!$C$4:$C$1048576,Manpower!$H$4:$H$1048576,"") -> Manpower | J51: Parking Area | K51: Tower-6 | L51: TR-1010-26 | M51: Day | N51: 8 | O51: Alignment of surveyor | P51: Alignment of surveyor | Q51: Alignment of surveyor | R51: Alignment of tower 6 | S51: YARD 3
A52: =IF(C52="","",MAX($A$1:A51)+1) -> 46 | B52: Tamil | C52: 46082 | D52: =_xlfn.XLOOKUP(Table134526_79101120212223242526[[#This Row],[Name Surname]],Manpower!$C$4:$C$1048576,Manpower!$B$4:$B$1048576,"") -> SARENS NASS | E52: Gulzar Singh | F52: =_xlfn.XLOOKUP(Table134526_79101120212223242526[[#This Row],[Name Surname]],Manpower!C:C,Manpower!D:D,) -> 79502392 | G52: =_xlfn.XLOOKUP(Table134526_79101120212223242526[[#This Row],[Name Surname]],Manpower!$C$4:$C$1048576,Manpower!$F$4:$F$1048576,"") -> Crane Operator- 70T Liebherr Telescopic Crane-01 | H52: Manpower | I52: Manpower | J52: Parking Area | K52: Tower-3 | L52: TR-1010-26 | M52: Day | N52: 10 | O52: Material Handling | P52: Strucutre Pre-Assembly | Q52: Material unloading by crane | R52: Crane Operator
A53: =IF(C53="","",MAX($A$1:A52)+1) -> 47 | B53: Tamil | C53: 46082 | D53: =_xlfn.XLOOKUP(Table134526_79101120212223242526[[#This Row],[Name Surname]],Manpower!$C$4:$C$1048576,Manpower!$B$4:$B$1048576,"") -> Encogroup | E53: Hadi Moussa | F53: =_xlfn.XLOOKUP(Table134526_79101120212223242526[[#This Row],[Name Surname]],Manpower!C:C,Manpower!D:D,) -> 141358993 | G53: =_xlfn.XLOOKUP(Table134526_79101120212223242526[[#This Row],[Name Surname]],Manpower!$C$4:$C$1048576,Manpower!$F$4:$F$1048576,"") -> Fitter | H53: =_xlfn.XLOOKUP(Table134526_79101120212223242526[[#This Row],[Name Surname]],Manpower!$C$4:$C$1048576,Manpower!$H$4:$H$1048576,"") -> Manpower | I53: =_xlfn.XLOOKUP(Table134526_79101120212223242526[[#This Row],[Name Surname]],Manpower!$C$4:$C$1048576,Manpower!$H$4:$H$1048576,"") -> Manpower | J53: Parking Area | K53: Tower-5 | L53: TR-1010-26 | M53: Day | N53: 8 | O53: Steel Structure Works | P53: Strucutre Pre-Assembly | Q53: Torque tightening | R53: Bolt Torquing of Tower- 05
A54: =IF(C54="","",MAX($A$1:A53)+1) -> 48 | B54: Tamil | C54: 46082 | D54: =_xlfn.XLOOKUP(Table134526_79101120212223242526[[#This Row],[Name Surname]],Manpower!$C$4:$C$1048576,Manpower!$B$4:$B$1048576,"") -> Encogroup | E54: Jaison Vijay Menezes | F54: =_xlfn.XLOOKUP(Table134526_79101120212223242526[[#This Row],[Name Surname]],Manpower!C:C,Manpower!D:D,) -> R3971143 | G54: =_xlfn.XLOOKUP(Table134526_79101120212223242526[[#This Row],[Name Surname]],Manpower!$C$4:$C$1048576,Manpower!$F$4:$F$1048576,"") -> Mechanical Foreman | H54: =_xlfn.XLOOKUP(Table134526_79101120212223242526[[#This Row],[Name Surname]],Manpower!$C$4:$C$1048576,Manpower!$H$4:$H$1048576,"") -> Manpower | I54: =_xlfn.XLOOKUP(Table134526_79101120212223242526[[#This Row],[Name Surname]],Manpower!$C$4:$C$1048576,Manpower!$H$4:$H$1048576,"") -> Manpower | J54: Parking Area | K54: Tower-5&3 | L54: TR-1010-26 | M54: Day | N54: 10 | O54: Steel Structure Works | P54: Steel Structure Works | Q54: Steel Structure Works | R54: Pre-assembly of Tower- 03
A55: =IF(C55="","",MAX($A$1:A54)+1) -> 49 | B55: Tamil | C55: 46082 | D55: =_xlfn.XLOOKUP(Table134526_79101120212223242526[[#This Row],[Name Surname]],Manpower!$C$4:$C$1048576,Manpower!$B$4:$B$1048576,"") -> Encogroup | E55: Mahmoud Mohamad Moussa | F55: =_xlfn.XLOOKUP(Table134526_79101120212223242526[[#This Row],[Name Surname]],Manpower!C:C,Manpower!D:D,) -> 116858297 | G55: =_xlfn.XLOOKUP(Table134526_79101120212223242526[[#This Row],[Name Surname]],Manpower!$C$4:$C$1048576,Manpower!$F$4:$F$1048576,"") -> Mechanical Superintendent | H55: =_xlfn.XLOOKUP(Table134526_79101120212223242526[[#This Row],[Name Surname]],Manpower!$C$4:$C$1048576,Manpower!$H$4:$H$1048576,"") -> Manpower | I55: =_xlfn.XLOOKUP(Table134526_79101120212223242526[[#This Row],[Name Surname]],Manpower!$C$4:$C$1048576,Manpower!$H$4:$H$1048576,"") -> Manpower | J55: Parking Area | K55: Tower-5&3 | L55: TR-1010-26 | M55: Day | N55: 6 | O55: Steel Structure Works | P55: Steel Structure Works | Q55: Steel Structure Works | R55: Pre-assembly of Tower- 03, bolt torquing of tower 5, painting touch up
A56: =IF(C56="","",MAX($A$1:A55)+1) -> 50 | B56: Tamil | C56: 46082 | D56: =_xlfn.XLOOKUP(Table134526_79101120212223242526[[#This Row],[Name Surname]],Manpower!$C$4:$C$1048576,Manpower!$B$4:$B$1048576,"") -> Encogroup | E56: Md Siddiqur Rahaman Md Ramizuddin | F56: =_xlfn.XLOOKUP(Table134526_79101120212223242526[[#This Row],[Name Surname]],Manpower!C:C,Manpower!D:D,) -> 123805496 | G56: =_xlfn.XLOOKUP(Table134526_79101120212223242526[[#This Row],[Name Surname]],Manpower!$C$4:$C$1048576,Manpower!$F$4:$F$1048576,"") -> Fitter/Erector | H56: =_xlfn.XLOOKUP(Table134526_79101120212223242526[[#This Row],[Name Surname]],Manpower!$C$4:$C$1048576,Manpower!$H$4:$H$1048576,"") -> Manpower | I56: =_xlfn.XLOOKUP(Table134526_79101120212223242526[[#This Row],[Name Surname]],Manpower!$C$4:$C$1048576,Manpower!$H$4:$H$1048576,"") -> Manpower | J56: Parking Area | K56: Tower-5&3 | L56: TR-1010-26 | M56: Day | N56: 8 | O56: Steel Structure Works | P56: Steel Structure Works | Q56: Steel Structure Works | R56: Pre-assembly of Tower- 03
A57: =IF(C57="","",MAX($A$1:A56)+1) -> 51 | B57: Tamil | C57: 46082 | D57: =_xlfn.XLOOKUP(Table134526_79101120212223242526[[#This Row],[Name Surname]],Manpower!$C$4:$C$1048576,Manpower!$B$4:$B$1048576,"") -> Encogroup | E57: Mohammad Shoaib Akhtar | F57: =_xlfn.XLOOKUP(Table134526_79101120212223242526[[#This Row],[Name Surname]],Manpower!C:C,Manpower!D:D,) -> 136277866 | G57: =_xlfn.XLOOKUP(Table134526_79101120212223242526[[#This Row],[Name Surname]],Manpower!$C$4:$C$1048576,Manpower!$F$4:$F$1048576,"") -> Permit Receiver | H57: =_xlfn.XLOOKUP(Table134526_79101120212223242526[[#This Row],[Name Surname]],Manpower!$C$4:$C$1048576,Manpower!$H$4:$H$1048576,"") -> Manpower | I57: =_xlfn.XLOOKUP(Table134526_79101120212223242526[[#This Row],[Name Surname]],Manpower!$C$4:$C$1048576,Manpower!$H$4:$H$1048576,"") -> Manpower | J57: Parking Area | K57: Tower-5&3 | L57: TR-1010-26 | M57: Day | N57: 10 | O57: Steel Structure Works | P57: Steel Structure Works | Q57: Steel Structure Works | R57: Pre-assembly of Tower- 03, bolt torquing of tower 5, painting touch up
A58: =IF(C58="","",MAX($A$1:A57)+1) -> 52 | B58: Tamil | C58: 46082 | D58: =_xlfn.XLOOKUP(Table134526_79101120212223242526[[#This Row],[Name Surname]],Manpower!$C$4:$C$1048576,Manpower!$B$4:$B$1048576,"") -> Encogroup | E58: Muhammad Bilal Hussain Al Taf | F58: =_xlfn.XLOOKUP(Table134526_79101120212223242526[[#This Row],[Name Surname]],Manpower!C:C,Manpower!D:D,) -> 120653364 | G58: =_xlfn.XLOOKUP(Table134526_79101120212223242526[[#This Row],[Name Surname]],Manpower!$C$4:$C$1048576,Manpower!$F$4:$F$1048576,"") -> Surveyor | H58: =_xlfn.XLOOKUP(Table134526_79101120212223242526[[#This Row],[Name Surname]],Manpower!$C$4:$C$1048576,Manpower!$H$4:$H$1048576,"") -> Manpower | I58: =_xlfn.XLOOKUP(Table134526_79101120212223242526[[#This Row],[Name Surname]],Manpower!$C$4:$C$1048576,Manpower!$H$4:$H$1048576,"") -> Manpower | J58: Parking Area | K58: Tower-6 | L58: TR-1010-26 | M58: Day | N58: 8 | O58: Alignment of surveyor | P58: Alignment of surveyor | Q58: Alignment of surveyor | R58: Alignment of tower 6
A59: =IF(C59="","",MAX($A$1:A58)+1) -> 53 | B59: Tamil | C59: 46082 | D59: =_xlfn.XLOOKUP(Table134526_79101120212223242526[[#This Row],[Name Surname]],Manpower!$C$4:$C$1048576,Manpower!$B$4:$B$1048576,"") -> Encogroup | E59: Md Rashed Mohmed | F59: =_xlfn.XLOOKUP(Table134526_79101120212223242526[[#This Row],[Name Surname]],Manpower!C:C,Manpower!D:D,) -> 140663253 | G59: =_xlfn.XLOOKUP(Table134526_79101120212223242526[[#This Row],[Name Surname]],Manpower!$C$4:$C$1048576,Manpower!$F$4:$F$1048576,"") -> Painting Inspector | H59: =_xlfn.XLOOKUP(Table134526_79101120212223242526[[#This Row],[Name Surname]],Manpower!$C$4:$C$1048576,Manpower!$H$4:$H$1048576,"") -> Manpower | I59: =_xlfn.XLOOKUP(Table134526_79101120212223242526[[#This Row],[Name Surname]],Manpower!$C$4:$C$1048576,Manpower!$H$4:$H$1048576,"") -> Manpower | J59: Parking Area | K59: Tower 7 | L59: TR-1010-26 | M59: Day | N59: 8 | O59: Painting Coating | P59: Touch-up painting | Q59: Touch-up painting | R59: Painting touch-up- tower 7&columns
A60: =IF(C60="","",MAX($A$1:A59)+1) -> 54 | B60: Tamil | C60: 46082 | D60: =_xlfn.XLOOKUP(Table134526_79101120212223242526[[#This Row],[Name Surname]],Manpower!$C$4:$C$1048576,Manpower!$B$4:$B$1048576,"") -> Encogroup | E60: Mathan Kumar | F60: =_xlfn.XLOOKUP(Table134526_79101120212223242526[[#This Row],[Name Surname]],Manpower!C:C,Manpower!D:D,) -> 140796986 | G60: =_xlfn.XLOOKUP(Table134526_79101120212223242526[[#This Row],[Name Surname]],Manpower!$C$4:$C$1048576,Manpower!$F$4:$F$1048576,"") -> Mechanical QC | H60: =_xlfn.XLOOKUP(Table134526_79101120212223242526[[#This Row],[Name Surname]],Manpower!$C$4:$C$1048576,Manpower!$H$4:$H$1048576,"") -> Manpower | I60: =_xlfn.XLOOKUP(Table134526_79101120212223242526[[#This Row],[Name Surname]],Manpower!$C$4:$C$1048576,Manpower!$H$4:$H$1048576,"") -> Manpower | J60: Parking Area | K60: Tower-5 | L60: TR-1010-26 | M60: Day | N60: 10 | O60: Steel Structure Works | P60: Strucutre Pre-Assembly | Q60: Torque tightening | R60: Bolt Torquing of Tower- 05
A61: =IF(C61="","",MAX($A$1:A59)+1) -> 54 | B61: Tamil | C61: 46082 | D61: =_xlfn.XLOOKUP(Table134526_79101120212223242526[[#This Row],[Name Surname]],Manpower!$C$4:$C$1048576,Manpower!$B$4:$B$1048576,"") -> Encogroup | E61: Bittu Kumar | F61: =_xlfn.XLOOKUP(Table134526_79101120212223242526[[#This Row],[Name Surname]],Manpower!C:C,Manpower!D:D,) -> 140844604 | G61: =_xlfn.XLOOKUP(Table134526_79101120212223242526[[#This Row],[Name Surname]],Manpower!$C$4:$C$1048576,Manpower!$F$4:$F$1048576,"") -> Painter | H61: =_xlfn.XLOOKUP(Table134526_79101120212223242526[[#This Row],[Name Surname]],Manpower!$C$4:$C$1048576,Manpower!$H$4:$H$1048576,"") -> Manpower | I61: =_xlfn.XLOOKUP(Table134526_79101120212223242526[[#This Row],[Name Surname]],Manpower!$C$4:$C$1048576,Manpower!$H$4:$H$1048576,"") -> Manpower | J61: Parking Area | K61: Tower 7 | L61: TR-1010-26 | M61: Day | N61: 8 | O61: Painting Coating | P61: Touch-up painting | Q61: Touch-up painting | R61: Painting touch-up- tower 7&columns
A62: =IF(C62="","",MAX($A$1:A61)+1) -> 55 | B62: Tamil | C62: 46082 | D62: =_xlfn.XLOOKUP(Table134526_79101120212223242526[[#This Row],[Name Surname]],Manpower!$C$4:$C$1048576,Manpower!$B$4:$B$1048576,"") -> Encogroup | E62: Amit Gupta | F62: =_xlfn.XLOOKUP(Table134526_79101120212223242526[[#This Row],[Name Surname]],Manpower!C:C,Manpower!D:D,) -> 140844783 | G62: =_xlfn.XLOOKUP(Table134526_79101120212223242526[[#This Row],[Name Surname]],Manpower!$C$4:$C$1048576,Manpower!$F$4:$F$1048576,"") -> Painter | H62: =_xlfn.XLOOKUP(Table134526_79101120212223242526[[#This Row],[Name Surname]],Manpower!$C$4:$C$1048576,Manpower!$H$4:$H$1048576,"") -> Manpower | I62: =_xlfn.XLOOKUP(Table134526_79101120212223242526[[#This Row],[Name Surname]],Manpower!$C$4:$C$1048576,Manpower!$H$4:$H$1048576,"") -> Manpower | J62: Parking Area | K62: Tower 7 | L62: TR-1010-26 | M62: Day | N62: 8 | O62: Painting Coating | P62: Touch-up painting | Q62: Touch-up painting | R62: Painting touch-up- tower 7&columns
A63: =IF(C63="","",MAX($A$1:A62)+1) -> 56 | B63: Tamil | C63: 46082 | D63: =_xlfn.XLOOKUP(Table134526_79101120212223242526[[#This Row],[Name Surname]],Manpower!$C$4:$C$1048576,Manpower!$B$4:$B$1048576,"") -> Encogroup | E63: Jitendra Kumar Yadav | F63: =_xlfn.XLOOKUP(Table134526_79101120212223242526[[#This Row],[Name Surname]],Manpower!C:C,Manpower!D:D,) -> AG111207 | G63: =_xlfn.XLOOKUP(Table134526_79101120212223242526[[#This Row],[Name Surname]],Manpower!$C$4:$C$1048576,Manpower!$F$4:$F$1048576,"") -> Assistant/Helper | H63: =_xlfn.XLOOKUP(Table134526_79101120212223242526[[#This Row],[Name Surname]],Manpower!$C$4:$C$1048576,Manpower!$H$4:$H$1048576,"") -> Manpower | I63: =_xlfn.XLOOKUP(Table134526_79101120212223242526[[#This Row],[Name Surname]],Manpower!$C$4:$C$1048576,Manpower!$H$4:$H$1048576,"") -> Manpower | J63: Parking Area | K63: Tower 7 | L63: TR-1010-26 | M63: Day | N63: 8 | O63: Painting Coating | P63: Touch-up painting | Q63: Touch-up painting | R63: Painting touch-up- tower 7&columns
A64: =IF(C64="","",MAX($A$1:A63)+1) -> 57 | B64: Tamil | C64: 46082 | D64: =_xlfn.XLOOKUP(Table134526_79101120212223242526[[#This Row],[Name Surname]],Manpower!$C$4:$C$1048576,Manpower!$B$4:$B$1048576,"") -> Encogroup | E64: Kadir Ansari | F64: =_xlfn.XLOOKUP(Table134526_79101120212223242526[[#This Row],[Name Surname]],Manpower!C:C,Manpower!D:D,) -> 140844778 | G64: =_xlfn.XLOOKUP(Table134526_79101120212223242526[[#This Row],[Name Surname]],Manpower!$C$4:$C$1048576,Manpower!$F$4:$F$1048576,"") -> Painter | H64: =_xlfn.XLOOKUP(Table134526_79101120212223242526[[#This Row],[Name Surname]],Manpower!$C$4:$C$1048576,Manpower!$H$4:$H$1048576,"") -> Manpower | I64: =_xlfn.XLOOKUP(Table134526_79101120212223242526[[#This Row],[Name Surname]],Manpower!$C$4:$C$1048576,Manpower!$H$4:$H$1048576,"") -> Manpower | J64: Parking Area | K64: Tower 7 | L64: TR-1010-26 | M64: Day | N64: 8 | O64: Painting Coating | P64: Touch-up painting | Q64: Touch-up painting | R64: Painting touch-up- tower 7&columns
A65: =IF(C65="","",MAX($A$1:A64)+1) -> 58 | B65: Tamil | C65: 46082 | D65: =_xlfn.XLOOKUP(Table134526_79101120212223242526[[#This Row],[Name Surname]],Manpower!$C$4:$C$1048576,Manpower!$B$4:$B$1048576,"") -> Encogroup | E65: Sanjay Kumar Suresh Ram | F65: =_xlfn.XLOOKUP(Table134526_79101120212223242526[[#This Row],[Name Surname]],Manpower!C:C,Manpower!D:D,) -> 141365037 | G65: =_xlfn.XLOOKUP(Table134526_79101120212223242526[[#This Row],[Name Surname]],Manpower!$C$4:$C$1048576,Manpower!$F$4:$F$1048576,"") -> Painter | H65: =_xlfn.XLOOKUP(Table134526_79101120212223242526[[#This Row],[Name Surname]],Manpower!$C$4:$C$1048576,Manpower!$H$4:$H$1048576,"") -> Manpower | I65: =_xlfn.XLOOKUP(Table134526_79101120212223242526[[#This Row],[Name Surname]],Manpower!$C$4:$C$1048576,Manpower!$H$4:$H$1048576,"") -> Manpower | J65: Parking Area | K65: Tower 7 | L65: TR-1010-26 | M65: Day | N65: 8 | O65: Painting Coating | P65: Touch-up painting | Q65: Touch-up painting | R65: Painting touch-up- tower 7&columns
A66: =IF(C66="","",MAX($A$1:A65)+1) -> 59 | B66: Tamil | C66: 46082 | D66: =_xlfn.XLOOKUP(Table134526_79101120212223242526[[#This Row],[Name Surname]],Manpower!$C$4:$C$1048576,Manpower!$B$4:$B$1048576,"") -> Encogroup | E66: Suresh Selvam | F66: =_xlfn.XLOOKUP(Table134526_79101120212223242526[[#This Row],[Name Surname]],Manpower!C:C,Manpower!D:D,) -> 141377709 | G66: =_xlfn.XLOOKUP(Table134526_79101120212223242526[[#This Row],[Name Surname]],Manpower!$C$4:$C$1048576,Manpower!$F$4:$F$1048576,"") -> Helper | H66: =_xlfn.XLOOKUP(Table134526_79101120212223242526[[#This Row],[Name Surname]],Manpower!$C$4:$C$1048576,Manpower!$H$4:$H$1048576,"") -> Manpower | I66: =_xlfn.XLOOKUP(Table134526_79101120212223242526[[#This Row],[Name Surname]],Manpower!$C$4:$C$1048576,Manpower!$H$4:$H$1048576,"") -> Manpower | J66: Parking Area | K66: Tower 7 | L66: TR-1010-26 | M66: Day | N66: 8 | O66: Painting Coating | P66: Touch-up painting | Q66: Touch-up painting | R66: Painting touch-up- tower 7&columns
A67: =IF(C67="","",MAX($A$1:A66)+1) -> 60 | B67: Tamil | C67: 46082 | D67: =_xlfn.XLOOKUP(Table134526_79101120212223242526[[#This Row],[Name Surname]],Manpower!$C$4:$C$1048576,Manpower!$B$4:$B$1048576,"") -> Encogroup | E67: Rejin Rebi | F67: =_xlfn.XLOOKUP(Table134526_79101120212223242526[[#This Row],[Name Surname]],Manpower!C:C,Manpower!D:D,) -> 140805554 | G67: =_xlfn.XLOOKUP(Table134526_79101120212223242526[[#This Row],[Name Surname]],Manpower!$C$4:$C$1048576,Manpower!$F$4:$F$1048576,"") -> Assistant/Helper | H67: =_xlfn.XLOOKUP(Table134526_79101120212223242526[[#This Row],[Name Surname]],Manpower!$C$4:$C$1048576,Manpower!$H$4:$H$1048576,"") -> Manpower | I67: =_xlfn.XLOOKUP(Table134526_79101120212223242526[[#This Row],[Name Surname]],Manpower!$C$4:$C$1048576,Manpower!$H$4:$H$1048576,"") -> Manpower | J67: Parking Area | K67: Tower-5 | L67: TR-1010-26 | M67: Day | N67: 8 | O67: Steel Structure Works | P67: Strucutre Pre-Assembly | Q67: Torque tightening | R67: Bolt Torquing Tower- 05
A68: =IF(C68="","",MAX($A$1:A67)+1) -> 61 | B68: Tamil | C68: 46082 | D68: =_xlfn.XLOOKUP(Table134526_79101120212223242526[[#This Row],[Name Surname]],Manpower!$C$4:$C$1048576,Manpower!$B$4:$B$1048576,"") -> Encogroup | E68: Reymond Cruz | F68: =_xlfn.XLOOKUP(Table134526_79101120212223242526[[#This Row],[Name Surname]],Manpower!C:C,Manpower!D:D,) -> 141169033 | G68: =_xlfn.XLOOKUP(Table134526_79101120212223242526[[#This Row],[Name Surname]],Manpower!$C$4:$C$1048576,Manpower!$F$4:$F$1048576,"") -> Welder | H68: =_xlfn.XLOOKUP(Table134526_79101120212223242526[[#This Row],[Name Surname]],Manpower!$C$4:$C$1048576,Manpower!$H$4:$H$1048576,"") -> Manpower | I68: =_xlfn.XLOOKUP(Table134526_79101120212223242526[[#This Row],[Name Surname]],Manpower!$C$4:$C$1048576,Manpower!$H$4:$H$1048576,"") -> Manpower | J68: Parking Area | K68: Tower-5 | L68: TR-1010-26 | M68: Day | N68: 8 | O68: Steel Structure Works | P68: Strucutre Pre-Assembly | Q68: Torque tightening | R68: Bolt Torquing of Tower- 05
A69: =IF(C69="","",MAX($A$1:A68)+1) -> 62 | B69: Tamil | C69: 46082 | D69: =_xlfn.XLOOKUP(Table134526_79101120212223242526[[#This Row],[Name Surname]],Manpower!$C$4:$C$1048576,Manpower!$B$4:$B$1048576,"") -> Encogroup | E69: Ryan Batuto | F69: =_xlfn.XLOOKUP(Table134526_79101120212223242526[[#This Row],[Name Surname]],Manpower!C:C,Manpower!D:D,) -> 141169028 | G69: =_xlfn.XLOOKUP(Table134526_79101120212223242526[[#This Row],[Name Surname]],Manpower!$C$4:$C$1048576,Manpower!$F$4:$F$1048576,"") -> Welder | H69: =_xlfn.XLOOKUP(Table134526_79101120212223242526[[#This Row],[Name Surname]],Manpower!$C$4:$C$1048576,Manpower!$H$4:$H$1048576,"") -> Manpower | I69: =_xlfn.XLOOKUP(Table134526_79101120212223242526[[#This Row],[Name Surname]],Manpower!$C$4:$C$1048576,Manpower!$H$4:$H$1048576,"") -> Manpower | J69: Parking Area | K69: Tower-3 | L69: TR-1010-26 | M69: Day | N69: 8 | O69: Steel Structure Works | P69: Strucutre Pre-Assembly | Q69: Ground pre-assembly | R69: Pre-assembly of Tower- 03
A70: =IF(C70="","",MAX($A$1:A69)+1) -> 63 | B70: Tamil | C70: 46082 | D70: =_xlfn.XLOOKUP(Table134526_79101120212223242526[[#This Row],[Name Surname]],Manpower!$C$4:$C$1048576,Manpower!$B$4:$B$1048576,"") -> Encogroup | E70: Sajith Saji Kanagam | F70: =_xlfn.XLOOKUP(Table134526_79101120212223242526[[#This Row],[Name Surname]],Manpower!C:C,Manpower!D:D,) -> 140805568 | G70: =_xlfn.XLOOKUP(Table134526_79101120212223242526[[#This Row],[Name Surname]],Manpower!$C$4:$C$1048576,Manpower!$F$4:$F$1048576,"") -> Assistant/Helper | H70: =_xlfn.XLOOKUP(Table134526_79101120212223242526[[#This Row],[Name Surname]],Manpower!$C$4:$C$1048576,Manpower!$H$4:$H$1048576,"") -> Manpower | I70: =_xlfn.XLOOKUP(Table134526_79101120212223242526[[#This Row],[Name Surname]],Manpower!$C$4:$C$1048576,Manpower!$H$4:$H$1048576,"") -> Manpower | J70: Parking Area | K70: Storekeeper | L70: TR-1010-26 | M70: Day | N70: 8 | O70: Material Handling | P70: Material storage & preservation | Q70: Material storage & preservation | R70: StoreKeeper
A71: =IF(C71="","",MAX($A$1:A70)+1) -> 64 | B71: Tamil | C71: 46082 | D71: =_xlfn.XLOOKUP(Table134526_79101120212223242526[[#This Row],[Name Surname]],Manpower!$C$4:$C$1048576,Manpower!$B$4:$B$1048576,"") -> AL Saif & Al QALLM ENT LLC | E71: Sakhawat Hussain Muhammad Hussain | F71: =_xlfn.XLOOKUP(Table134526_79101120212223242526[[#This Row],[Name Surname]],Manpower!C:C,Manpower!D:D,) -> 76647648 | G71: =_xlfn.XLOOKUP(Table134526_79101120212223242526[[#This Row],[Name Surname]],Manpower!$C$4:$C$1048576,Manpower!$F$4:$F$1048576,"") -> RIgger | H71: =_xlfn.XLOOKUP(Table134526_79101120212223242526[[#This Row],[Name Surname]],Manpower!$C$4:$C$1048576,Manpower!$H$4:$H$1048576,"") -> Sub Contactor | I71: =_xlfn.XLOOKUP(Table134526_79101120212223242526[[#This Row],[Name Surname]],Manpower!$C$4:$C$1048576,Manpower!$H$4:$H$1048576,"") -> Sub Contactor | J71: Parking Area | K71: Tower-3 | L71: TR-1010-26 | M71: Day | N71: 8 | O71: Steel Structure Works | P71: Strucutre Pre-Assembly | Q71: Ground pre-assembly | R71: Pre-assembly of Tower- 03
A72: =IF(C72="","",MAX($A$1:A71)+1) -> 65 | B72: Tamil | C72: 46082 | D72: =_xlfn.XLOOKUP(Table134526_79101120212223242526[[#This Row],[Name Surname]],Manpower!$C$4:$C$1048576,Manpower!$B$4:$B$1048576,"") -> Rabwu Ahamal AL Khaleej Trad | E72: Saqib Ali | F72: =_xlfn.XLOOKUP(Table134526_79101120212223242526[[#This Row],[Name Surname]],Manpower!C:C,Manpower!D:D,) -> 131431131 | G72: =_xlfn.XLOOKUP(Table134526_79101120212223242526[[#This Row],[Name Surname]],Manpower!$C$4:$C$1048576,Manpower!$F$4:$F$1048576,"") -> RIgger | H72: =_xlfn.XLOOKUP(Table134526_79101120212223242526[[#This Row],[Name Surname]],Manpower!$C$4:$C$1048576,Manpower!$H$4:$H$1048576,"") -> Sub Contactor | I72: =_xlfn.XLOOKUP(Table134526_79101120212223242526[[#This Row],[Name Surname]],Manpower!$C$4:$C$1048576,Manpower!$H$4:$H$1048576,"") -> Sub Contactor | J72: Parking Area | K72: Tower-3 | L72: TR-1010-26 | M72: Day | N72: 8 | O72: Steel Structure Works | P72: Strucutre Pre-Assembly | Q72: Ground pre-assembly | R72: Pre-assembly of Tower- 03
A73: =IF(C73="","",MAX($A$1:A72)+1) -> 66 | B73: Tamil | C73: 46082 | D73: =_xlfn.XLOOKUP(Table134526_79101120212223242526[[#This Row],[Name Surname]],Manpower!$C$4:$C$1048576,Manpower!$B$4:$B$1048576,"") -> AL Saif & Al QALLM ENT LLC | E73: Shoib Akhtar | F73: =_xlfn.XLOOKUP(Table134526_79101120212223242526[[#This Row],[Name Surname]],Manpower!C:C,Manpower!D:D,) -> 135762195 | G73: =_xlfn.XLOOKUP(Table134526_79101120212223242526[[#This Row],[Name Surname]],Manpower!$C$4:$C$1048576,Manpower!$F$4:$F$1048576,"") -> HSE Officer | H73: =_xlfn.XLOOKUP(Table134526_79101120212223242526[[#This Row],[Name Surname]],Manpower!$C$4:$C$1048576,Manpower!$H$4:$H$1048576,"") -> Sub Contactor | I73: =_xlfn.XLOOKUP(Table134526_79101120212223242526[[#This Row],[Name Surname]],Manpower!$C$4:$C$1048576,Manpower!$H$4:$H$1048576,"") -> Sub Contactor | J73: Parking Area | K73: Tower-5&3 | L73: TR-1010-26 | M73: Day | N73: 10 | O73: Steel Structure Works | P73: Strucutre Pre-Assembly | Q73: Ground pre-assembly | R73: Pre-assembly of Tower- 03, bolt torquing of tower 5, painting touch up
... A75: =IF(C75="","",MAX($A$1:A74)+1) -> 68 | B75: Tamil | C75: 46082 | D75: =_xlfn.XLOOKUP(Table134526_79101120212223242526[[#This Row],[Name Surname]],Manpower!$C$4:$C$1048576,Manpower!$B$4:$B$1048576,"") -> Encogroup | E75: Mustafa Moosa Ahned Al Balushi | F75: =_xlfn.XLOOKUP(Table134526_79101120212223242526[[#This Row],[Name Surname]],Manpower!C:C,Manpower!D:D,) -> 18114443 | G75: =_xlfn.XLOOKUP(Table134526_79101120212223242526[[#This Row],[Name Surname]],Manpower!$C$4:$C$1048576,Manpower!$F$4:$F$1048576,"") -> Driver | H75: =_xlfn.XLOOKUP(Table134526_79101120212223242526[[#This Row],[Name Surname]],Manpower!$C$4:$C$1048576,Manpower!$H$4:$H$1048576,"") -> Manpower | I75: =_xlfn.XLOOKUP(Table134526_79101120212223242526[[#This Row],[Name Surname]],Manpower!$C$4:$C$1048576,Manpower!$H$4:$H$1048576,"") -> Manpower | J75: Common Area | K75: Tower-5&3 | L75: TR-1010-26 | M75: Day | N75: 8 | O75: Steel Structure Works | P75: Strucutre Pre-Assembly | Q75: Ground pre-assembly | R75: Signal-Man
A76: =IF(C76="","",MAX($A$1:A74)+1) -> 68 | B76: Tamil | C76: 46082 | D76: =_xlfn.XLOOKUP(Table134526_79101120212223242526[[#This Row],[Name Surname]],Manpower!$C$4:$C$1048576,Manpower!$B$4:$B$1048576,"") -> Encogroup | E76: Tamilselvan Tamilmani | F76: =_xlfn.XLOOKUP(Table134526_79101120212223242526[[#This Row],[Name Surname]],Manpower!C:C,Manpower!D:D,) -> 141250908 | G76: =_xlfn.XLOOKUP(Table134526_79101120212223242526[[#This Row],[Name Surname]],Manpower!$C$4:$C$1048576,Manpower!$F$4:$F$1048576,"") -> Mechanical Engineer | H76: =_xlfn.XLOOKUP(Table134526_79101120212223242526[[#This Row],[Name Surname]],Manpower!$C$4:$C$1048576,Manpower!$H$4:$H$1048576,"") -> Manpower | I76: =_xlfn.XLOOKUP(Table134526_79101120212223242526[[#This Row],[Name Surname]],Manpower!$C$4:$C$1048576,Manpower!$H$4:$H$1048576,"") -> Manpower | J76: Parking Area | K76: Tower-5&3 | L76: TR-1010-26 | M76: Day | N76: 10 | O76: Steel Structure Works | P76: Strucutre Pre-Assembly | Q76: Ground pre-assembly | R76: Pre-assembly of Tower- 03, bolt torquing of tower 5, painting touch up
A77: =IF(C77="","",MAX($A$1:A76)+1) -> 69 | B77: Tamil | C77: 46082 | D77: =_xlfn.XLOOKUP(Table134526_79101120212223242526[[#This Row],[Name Surname]],Manpower!$C$4:$C$1048576,Manpower!$B$4:$B$1048576,"") -> Encogroup | E77: 55 SEAT BUS | F77: =_xlfn.XLOOKUP(Table134526_79101120212223242526[[#This Row],[Name Surname]],Manpower!C:C,Manpower!D:D,) -> #N/A | G77: =_xlfn.XLOOKUP(Table134526_79101120212223242526[[#This Row],[Name Surname]],Manpower!$C$4:$C$1048576,Manpower!$F$4:$F$1048576,"") -> 55 Seat Bus | H77: =_xlfn.XLOOKUP(Table134526_79101120212223242526[[#This Row],[Name Surname]],Manpower!$C$4:$C$1048576,Manpower!$H$4:$H$1048576,"") -> Equipment | I77: =_xlfn.XLOOKUP(Table134526_79101120212223242526[[#This Row],[Name Surname]],Manpower!$C$4:$C$1048576,Manpower!$H$4:$H$1048576,"") -> Equipment | J77: Parking Area | K77: Tower-5&3 | L77: TR-1010-26 | M77: Day | N77: 10 | O77: Enco Interenal Transportation | P77: Enco Interenal Transportation | Q77: Enco Interenal Transportation | R77: _
A78: =IF(C78="","",MAX($A$1:A76)+1) -> 69 | B78: Tamil | C78: 46082 | D78: =_xlfn.XLOOKUP(Table134526_79101120212223242526[[#This Row],[Name Surname]],Manpower!$C$4:$C$1048576,Manpower!$B$4:$B$1048576,"") -> Encogroup | E78: TOWER LIGHT -4 | F78: =_xlfn.XLOOKUP(Table134526_79101120212223242526[[#This Row],[Name Surname]],Manpower!C:C,Manpower!D:D,) -> #N/A | G78: =_xlfn.XLOOKUP(Table134526_79101120212223242526[[#This Row],[Name Surname]],Manpower!$C$4:$C$1048576,Manpower!$F$4:$F$1048576,"") -> TOWER LIGHT | H78: =_xlfn.XLOOKUP(Table134526_79101120212223242526[[#This Row],[Name Surname]],Manpower!$C$4:$C$1048576,Manpower!$H$4:$H$1048576,"") -> Equipment | I78: =_xlfn.XLOOKUP(Table134526_79101120212223242526[[#This Row],[Name Surname]],Manpower!$C$4:$C$1048576,Manpower!$H$4:$H$1048576,"") -> Equipment | J78: Parking Area | K78: Tower-5&3 | L78: TR-1010-26 | M78: Day | N78: 8 | O78: Enco Internal Utilities | P78: Enco Internal Utilities | Q78: Enco Internal Utilities | R78: _
A79: =IF(C79="","",MAX($A$1:A78)+1) -> 70 | B79: Shijo | C79: 46082 | D79: =_xlfn.XLOOKUP(Table134526_79101120212223242526[[#This Row],[Name Surname]],Manpower!$C$4:$C$1048576,Manpower!$B$4:$B$1048576,"") -> Encogroup | E79: 13 SEAT BUS 4546MH | F79: =_xlfn.XLOOKUP(Table134526_79101120212223242526[[#This Row],[Name Surname]],Manpower!C:C,Manpower!D:D,) -> #N/A | G79: =_xlfn.XLOOKUP(Table134526_79101120212223242526[[#This Row],[Name Surname]],Manpower!$C$4:$C$1048576,Manpower!$F$4:$F$1048576,"") -> 13 Seat Bus | H79: =_xlfn.XLOOKUP(Table134526_79101120212223242526[[#This Row],[Name Surname]],Manpower!$C$4:$C$1048576,Manpower!$H$4:$H$1048576,"") -> Equipment | I79: =_xlfn.XLOOKUP(Table134526_79101120212223242526[[#This Row],[Name Surname]],Manpower!$C$4:$C$1048576,Manpower!$H$4:$H$1048576,"") -> Equipment | J79: Laydown | K79: _ | L79: Offloading | M79: Day | N79: 8 | O79: Enco Interenal Transportation | P79: Enco Interenal Transportation | Q79: Enco Interenal Transportation | R79: _
A80: =IF(C80="","",MAX($A$1:A79)+1) -> 71 | B80: Shijo | C80: 46082 | D80: =_xlfn.XLOOKUP(Table134526_79101120212223242526[[#This Row],[Name Surname]],Manpower!$C$4:$C$1048576,Manpower!$B$4:$B$1048576,"") -> Encogroup | E80: 15 SEAT BUS 9405YR | F80: =_xlfn.XLOOKUP(Table134526_79101120212223242526[[#This Row],[Name Surname]],Manpower!C:C,Manpower!D:D,) -> #N/A | G80: =_xlfn.XLOOKUP(Table134526_79101120212223242526[[#This Row],[Name Surname]],Manpower!$C$4:$C$1048576,Manpower!$F$4:$F$1048576,"") -> 15 Seat Bus | H80: =_xlfn.XLOOKUP(Table134526_79101120212223242526[[#This Row],[Name Surname]],Manpower!$C$4:$C$1048576,Manpower!$H$4:$H$1048576,"") -> Equipment | I80: =_xlfn.XLOOKUP(Table134526_79101120212223242526[[#This Row],[Name Surname]],Manpower!$C$4:$C$1048576,Manpower!$H$4:$H$1048576,"") -> Equipment | J80: Laydown | K80: _ | L80: Offloading | M80: Day | N80: 8 | O80: Enco Interenal Transportation | P80: Enco Interenal Transportation | Q80: Enco Interenal Transportation | R80: _
A81: =IF(C81="","",MAX($A$1:A79)+1) -> 71 | B81: Shijo | C81: 46082 | D81: =_xlfn.XLOOKUP(Table134526_79101120212223242526[[#This Row],[Name Surname]],Manpower!$C$4:$C$1048576,Manpower!$B$4:$B$1048576,"") -> Nass Group | E81: 130T CRAWLER CRANE (RENTAL)-Liebherr | F81: =_xlfn.XLOOKUP(Table134526_79101120212223242526[[#This Row],[Name Surname]],Manpower!C:C,Manpower!D:D,) -> #N/A | G81: =_xlfn.XLOOKUP(Table134526_79101120212223242526[[#This Row],[Name Surname]],Manpower!$C$4:$C$1048576,Manpower!$F$4:$F$1048576,"") -> 130T Crawler Crane | H81: =_xlfn.XLOOKUP(Table134526_79101120212223242526[[#This Row],[Name Surname]],Manpower!$C$4:$C$1048576,Manpower!$H$4:$H$1048576,"") -> Equipment | I81: =_xlfn.XLOOKUP(Table134526_79101120212223242526[[#This Row],[Name Surname]],Manpower!$C$4:$C$1048576,Manpower!$H$4:$H$1048576,"") -> Equipment | J81: Laydown | K81: _ | L81: Offloading | M81: Idle | N81: 8 | R81: 130T crawler crane dis-mantling started
A82: =IF(C82="","",MAX($A$1:A81)+1) -> 72 | B82: Shijo | C82: 46082 | D82: =_xlfn.XLOOKUP(Table134526_79101120212223242526[[#This Row],[Name Surname]],Manpower!$C$4:$C$1048576,Manpower!$B$4:$B$1048576,"") -> Nass Group | E82: 70T TELESCOPIC CRANE-02 (RENTAL)-Liebherr | F82: =_xlfn.XLOOKUP(Table134526_79101120212223242526[[#This Row],[Name Surname]],Manpower!C:C,Manpower!D:D,) -> #N/A | G82: =_xlfn.XLOOKUP(Table134526_79101120212223242526[[#This Row],[Name Surname]],Manpower!$C$4:$C$1048576,Manpower!$F$4:$F$1048576,"") -> 70T-Telescopic crane | H82: =_xlfn.XLOOKUP(Table134526_79101120212223242526[[#This Row],[Name Surname]],Manpower!$C$4:$C$1048576,Manpower!$H$4:$H$1048576,"") -> Equipment | I82: =_xlfn.XLOOKUP(Table134526_79101120212223242526[[#This Row],[Name Surname]],Manpower!$C$4:$C$1048576,Manpower!$H$4:$H$1048576,"") -> Equipment | J82: Laydown | K82: _ | L82: Offloading | M82: Day | N82: 8 | O82: Material Handling | P82: Material unloading by crane | Q82: Material unloading by crane | R82: Loading of CT1010-02 materials and 150T crawler crane dis-mantling works
A83: =IF(C83="","",MAX($A$1:A82)+1) -> 73 | B83: Shijo | C83: 46082 | D83: =_xlfn.XLOOKUP(Table134526_79101120212223242526[[#This Row],[Name Surname]],Manpower!$C$4:$C$1048576,Manpower!$B$4:$B$1048576,"") -> Encogroup | E83: 14T FORKLIFT 2088LD | F83: =_xlfn.XLOOKUP(Table134526_79101120212223242526[[#This Row],[Name Surname]],Manpower!C:C,Manpower!D:D,) -> #N/A | G83: =_xlfn.XLOOKUP(Table134526_79101120212223242526[[#This Row],[Name Surname]],Manpower!$C$4:$C$1048576,Manpower!$F$4:$F$1048576,"") -> 14T Fork lift | H83: =_xlfn.XLOOKUP(Table134526_79101120212223242526[[#This Row],[Name Surname]],Manpower!$C$4:$C$1048576,Manpower!$H$4:$H$1048576,"") -> Equipment | I83: =_xlfn.XLOOKUP(Table134526_79101120212223242526[[#This Row],[Name Surname]],Manpower!$C$4:$C$1048576,Manpower!$H$4:$H$1048576,"") -> Equipment | J83: Laydown | K83: _ | L83: Offloading | M83: Day | N83: 8 | O83: Material Handling | P83: Material Handling | Q83: Material Handling | R83: _
A84: =IF(C84="","",MAX($A$1:A83)+1) -> 74 | B84: Shijo | C84: 46082 | D84: =_xlfn.XLOOKUP(Table134526_79101120212223242526[[#This Row],[Name Surname]],Manpower!$C$4:$C$1048576,Manpower!$B$4:$B$1048576,"") -> Al Jaber Heavy Lift | E84: 150T CRAWLER CRANE (RENTAL)-Hitachi | F84: =_xlfn.XLOOKUP(Table134526_79101120212223242526[[#This Row],[Name Surname]],Manpower!C:C,Manpower!D:D,) -> #N/A | G84: =_xlfn.XLOOKUP(Table134526_79101120212223242526[[#This Row],[Name Surname]],Manpower!$C$4:$C$1048576,Manpower!$F$4:$F$1048576,"") -> 150T-Crawler Crane | H84: =_xlfn.XLOOKUP(Table134526_79101120212223242526[[#This Row],[Name Surname]],Manpower!$C$4:$C$1048576,Manpower!$H$4:$H$1048576,"") -> Equipment | I84: =_xlfn.XLOOKUP(Table134526_79101120212223242526[[#This Row],[Name Surname]],Manpower!$C$4:$C$1048576,Manpower!$H$4:$H$1048576,"") -> Equipment | J84: Laydown | K84: _ | L84: Offloading | M84: Idle | N84: 6 | R84: 150T crawler crane dis-mantling completed
A85: =IF(C85="","",MAX($A$1:A84)+1) -> 75 | B85: Shijo | C85: 46082 | D85: =_xlfn.XLOOKUP(Table134526_79101120212223242526[[#This Row],[Name Surname]],Manpower!$C$4:$C$1048576,Manpower!$B$4:$B$1048576,"") -> Encogroup | E85: 22 SEAT BUS 2498YD | F85: =_xlfn.XLOOKUP(Table134526_79101120212223242526[[#This Row],[Name Surname]],Manpower!C:C,Manpower!D:D,) -> #N/A | G85: =_xlfn.XLOOKUP(Table134526_79101120212223242526[[#This Row],[Name Surname]],Manpower!$C$4:$C$1048576,Manpower!$F$4:$F$1048576,"") -> 22 Seat Bus | H85: =_xlfn.XLOOKUP(Table134526_79101120212223242526[[#This Row],[Name Surname]],Manpower!$C$4:$C$1048576,Manpower!$H$4:$H$1048576,"") -> Equipment | I85: =_xlfn.XLOOKUP(Table134526_79101120212223242526[[#This Row],[Name Surname]],Manpower!$C$4:$C$1048576,Manpower!$H$4:$H$1048576,"") -> Equipment | J85: Laydown | K85: _ | L85: Offloading | M85: Day | N85: 8 | O85: Enco Interenal Transportation | P85: Enco Interenal Transportation | Q85: Enco Interenal Transportation | R85: _
A86: =IF(C86="","",MAX($A$1:A85)+1) -> 76 | B86: Shijo | C86: 46082 | D86: =_xlfn.XLOOKUP(Table134526_79101120212223242526[[#This Row],[Name Surname]],Manpower!$C$4:$C$1048576,Manpower!$B$4:$B$1048576,"") -> Encogroup | E86: 22 SEAT BUS 8028WA | F86: =_xlfn.XLOOKUP(Table134526_79101120212223242526[[#This Row],[Name Surname]],Manpower!C:C,Manpower!D:D,) -> #N/A | G86: =_xlfn.XLOOKUP(Table134526_79101120212223242526[[#This Row],[Name Surname]],Manpower!$C$4:$C$1048576,Manpower!$F$4:$F$1048576,"") -> 22 Seat Bus | H86: =_xlfn.XLOOKUP(Table134526_79101120212223242526[[#This Row],[Name Surname]],Manpower!$C$4:$C$1048576,Manpower!$H$4:$H$1048576,"") -> Equipment | I86: =_xlfn.XLOOKUP(Table134526_79101120212223242526[[#This Row],[Name Surname]],Manpower!$C$4:$C$1048576,Manpower!$H$4:$H$1048576,"") -> Equipment | J86: Laydown | K86: _ | L86: Offloading | M86: Day | N86: 8 | O86: Enco Interenal Transportation | P86: Enco Interenal Transportation | Q86: Enco Interenal Transportation | R86: _
A87: =IF(C87="","",MAX($A$1:A86)+1) -> 77 | B87: Shijo | C87: 46082 | D87: =_xlfn.XLOOKUP(Table134526_79101120212223242526[[#This Row],[Name Surname]],Manpower!$C$4:$C$1048576,Manpower!$B$4:$B$1048576,"") -> Encogroup | E87: 300/330KVA CUMMINS GENERATOR | F87: =_xlfn.XLOOKUP(Table134526_79101120212223242526[[#This Row],[Name Surname]],Manpower!C:C,Manpower!D:D,) -> #N/A | G87: =_xlfn.XLOOKUP(Table134526_79101120212223242526[[#This Row],[Name Surname]],Manpower!$C$4:$C$1048576,Manpower!$F$4:$F$1048576,"") -> 300 KVA Generator | H87: =_xlfn.XLOOKUP(Table134526_79101120212223242526[[#This Row],[Name Surname]],Manpower!$C$4:$C$1048576,Manpower!$H$4:$H$1048576,"") -> Equipment | I87: =_xlfn.XLOOKUP(Table134526_79101120212223242526[[#This Row],[Name Surname]],Manpower!$C$4:$C$1048576,Manpower!$H$4:$H$1048576,"") -> Equipment | J87: Laydown | K87: _ | L87: Offloading | M87: Day | N87: 8 | R87: _
A88: =IF(C88="","",MAX($A$1:A87)+1) -> 78 | B88: Shijo | C88: 46082 | D88: =_xlfn.XLOOKUP(Table134526_79101120212223242526[[#This Row],[Name Surname]],Manpower!$C$4:$C$1048576,Manpower!$B$4:$B$1048576,"") -> Encogroup | E88: 35/40KVA CUMMINS GENERATOR | F88: =_xlfn.XLOOKUP(Table134526_79101120212223242526[[#This Row],[Name Surname]],Manpower!C:C,Manpower!D:D,) -> #N/A | G88: =_xlfn.XLOOKUP(Table134526_79101120212223242526[[#This Row],[Name Surname]],Manpower!$C$4:$C$1048576,Manpower!$F$4:$F$1048576,"") -> 35 KVA Generator | H88: =_xlfn.XLOOKUP(Table134526_79101120212223242526[[#This Row],[Name Surname]],Manpower!$C$4:$C$1048576,Manpower!$H$4:$H$1048576,"") -> Equipment | I88: =_xlfn.XLOOKUP(Table134526_79101120212223242526[[#This Row],[Name Surname]],Manpower!$C$4:$C$1048576,Manpower!$H$4:$H$1048576,"") -> Equipment | J88: Laydown | K88: _ | L88: Offloading | M88: Idle | N88: 8 | R88: _
A89: =IF(C89="","",MAX($A$1:A88)+1) -> 79 | B89: Shijo | C89: 46082 | D89: =_xlfn.XLOOKUP(Table134526_79101120212223242526[[#This Row],[Name Surname]],Manpower!$C$4:$C$1048576,Manpower!$B$4:$B$1048576,"") -> Encogroup | E89: Abhishek Kumar Tiwari | F89: =_xlfn.XLOOKUP(Table134526_79101120212223242526[[#This Row],[Name Surname]],Manpower!C:C,Manpower!D:D,) -> 140742144 | G89: =_xlfn.XLOOKUP(Table134526_79101120212223242526[[#This Row],[Name Surname]],Manpower!$C$4:$C$1048576,Manpower!$F$4:$F$1048576,"") -> Assistant/Helper | H89: =_xlfn.XLOOKUP(Table134526_79101120212223242526[[#This Row],[Name Surname]],Manpower!$C$4:$C$1048576,Manpower!$H$4:$H$1048576,"") -> Manpower | I89: =_xlfn.XLOOKUP(Table134526_79101120212223242526[[#This Row],[Name Surname]],Manpower!$C$4:$C$1048576,Manpower!$H$4:$H$1048576,"") -> Manpower | J89: Site Office | K89: _ | L89: _ | M89: Day | N89: 8 | O89: Piping Works | P89: Fit-up | Q89: Fit-up | R89: TSF works
A90: =IF(C90="","",MAX($A$1:A89)+1) -> 80 | B90: Shijo | C90: 46082 | D90: =_xlfn.XLOOKUP(Table134526_79101120212223242526[[#This Row],[Name Surname]],Manpower!$C$4:$C$1048576,Manpower!$B$4:$B$1048576,"") -> SARENS NASS | E90: Harpreet Singh | F90: =_xlfn.XLOOKUP(Table134526_79101120212223242526[[#This Row],[Name Surname]],Manpower!C:C,Manpower!D:D,) -> 78753612 | G90: =_xlfn.XLOOKUP(Table134526_79101120212223242526[[#This Row],[Name Surname]],Manpower!$C$4:$C$1048576,Manpower!$F$4:$F$1048576,"") -> Crane Operator- 70T Liebherr Telescopic Crane-02 | H90: Manpower | I90: Manpower | J90: Laydown | K90: _ | L90: Offloading | M90: Day | N90: 8 | O90: Material unloading by crane | P90: Material unloading by crane | Q90: Material unloading by crane | R90: Dis-assembly of crane-150T crawler
A91: =IF(C91="","",MAX($A$1:A90)+1) -> 81 | B91: Shijo | C91: 46082 | D91: =_xlfn.XLOOKUP(Table134526_79101120212223242526[[#This Row],[Name Surname]],Manpower!$C$4:$C$1048576,Manpower!$B$4:$B$1048576,"") -> Al Jaber Heavy Lift | E91: Abid Hussain | F91: =_xlfn.XLOOKUP(Table134526_79101120212223242526[[#This Row],[Name Surname]],Manpower!C:C,Manpower!D:D,) -> 112778626 | G91: =_xlfn.XLOOKUP(Table134526_79101120212223242526[[#This Row],[Name Surname]],Manpower!$C$4:$C$1048576,Manpower!$F$4:$F$1048576,"") -> Crane Operator-150T Hitachi Crawler | H91: Manpower | I91: Manpower | J91: Laydown | K91: _ | L91: Offloading | M91: Idle | N91: 6 | O91: Material unloading by crane | P91: Material unloading by crane | Q91: Material unloading by crane | R91: Dis-assembly of crane-150T crawler
A92: =IF(C92="","",MAX($A$1:A91)+1) -> 82 | B92: Shijo | C92: 46082 | D92: =_xlfn.XLOOKUP(Table134526_79101120212223242526[[#This Row],[Name Surname]],Manpower!$C$4:$C$1048576,Manpower!$B$4:$B$1048576,"") -> Bright Light | E92: Sawar Khan | F92: =_xlfn.XLOOKUP(Table134526_79101120212223242526[[#This Row],[Name Surname]],Manpower!C:C,Manpower!D:D,) -> 122771611 | G92: =_xlfn.XLOOKUP(Table134526_79101120212223242526[[#This Row],[Name Surname]],Manpower!$C$4:$C$1048576,Manpower!$F$4:$F$1048576,"") -> Mechanic | H92: =_xlfn.XLOOKUP(Table134526_79101120212223242526[[#This Row],[Name Surname]],Manpower!$C$4:$C$1048576,Manpower!$H$4:$H$1048576,"") -> Sub Contactor | I92: =_xlfn.XLOOKUP(Table134526_79101120212223242526[[#This Row],[Name Surname]],Manpower!$C$4:$C$1048576,Manpower!$H$4:$H$1048576,"") -> Sub Contactor | J92: Laydown | K92: _ | L92: Offloading | M92: Day | N92: 8 | O92: Material unloading by crane | P92: Material unloading by crane | Q92: Material unloading by crane | R92: Dis-assembly of crane-150T crawler
A93: =IF(C93="","",MAX($A$1:A91)+1) -> 82 | B93: Shijo | C93: 46082 | D93: =_xlfn.XLOOKUP(Table134526_79101120212223242526[[#This Row],[Name Surname]],Manpower!$C$4:$C$1048576,Manpower!$B$4:$B$1048576,"") -> Encogroup | E93: Akhilesh Kumar-Welder | F93: =_xlfn.XLOOKUP(Table134526_79101120212223242526[[#This Row],[Name Surname]],Manpower!C:C,Manpower!D:D,) -> U4181508 | G93: =_xlfn.XLOOKUP(Table134526_79101120212223242526[[#This Row],[Name Surname]],Manpower!$C$4:$C$1048576,Manpower!$F$4:$F$1048576,"") -> Welder | H93: =_xlfn.XLOOKUP(Table134526_79101120212223242526[[#This Row],[Name Surname]],Manpower!$C$4:$C$1048576,Manpower!$H$4:$H$1048576,"") -> Manpower | I93: =_xlfn.XLOOKUP(Table134526_79101120212223242526[[#This Row],[Name Surname]],Manpower!$C$4:$C$1048576,Manpower!$H$4:$H$1048576,"") -> Manpower | J93: Laydown | K93: _ | L93: Offloading | M93: Day | N93: 8 | O93: Material Handling | P93: Material unloading by crane | Q93: Material unloading by crane | R93: _
A94: =IF(C94="","",MAX($A$1:A93)+1) -> 83 | B94: Shijo | C94: 46082 | D94: =_xlfn.XLOOKUP(Table134526_79101120212223242526[[#This Row],[Name Surname]],Manpower!$C$4:$C$1048576,Manpower!$B$4:$B$1048576,"") -> Encogroup | E94: Ameer Ali | F94: =_xlfn.XLOOKUP(Table134526_79101120212223242526[[#This Row],[Name Surname]],Manpower!C:C,Manpower!D:D,) -> 125440631 | G94: =_xlfn.XLOOKUP(Table134526_79101120212223242526[[#This Row],[Name Surname]],Manpower!$C$4:$C$1048576,Manpower!$F$4:$F$1048576,"") -> Rigger | H94: =_xlfn.XLOOKUP(Table134526_79101120212223242526[[#This Row],[Name Surname]],Manpower!$C$4:$C$1048576,Manpower!$H$4:$H$1048576,"") -> Manpower | I94: =_xlfn.XLOOKUP(Table134526_79101120212223242526[[#This Row],[Name Surname]],Manpower!$C$4:$C$1048576,Manpower!$H$4:$H$1048576,"") -> Manpower | J94: Laydown | K94: _ | L94: Offloading | M94: Day | N94: 8 | O94: Material Handling | P94: Material unloading by crane | Q94: Material unloading by crane | R94: Loading of CT1010-02 materials and 150T crawler crane dis-mantling works
A95: =IF(C95="","",MAX($A$1:A94)+1) -> 84 | B95: Shijo | C95: 46082 | D95: =_xlfn.XLOOKUP(Table134526_79101120212223242526[[#This Row],[Name Surname]],Manpower!$C$4:$C$1048576,Manpower!$B$4:$B$1048576,"") -> Encogroup | E95: Umesh Singh | F95: =_xlfn.XLOOKUP(Table134526_79101120212223242526[[#This Row],[Name Surname]],Manpower!C:C,Manpower!D:D,) -> 137114773 | G95: =_xlfn.XLOOKUP(Table134526_79101120212223242526[[#This Row],[Name Surname]],Manpower!$C$4:$C$1048576,Manpower!$F$4:$F$1048576,"") -> Rigger | H95: =_xlfn.XLOOKUP(Table134526_79101120212223242526[[#This Row],[Name Surname]],Manpower!$C$4:$C$1048576,Manpower!$H$4:$H$1048576,"") -> Manpower | I95: =_xlfn.XLOOKUP(Table134526_79101120212223242526[[#This Row],[Name Surname]],Manpower!$C$4:$C$1048576,Manpower!$H$4:$H$1048576,"") -> Manpower | J95: Laydown | K95: _ | L95: Offloading | M95: Day | N95: 8 | O95: Material Handling | P95: Material unloading by crane | Q95: Material unloading by crane | R95: Loading of CT1010-02 materials and 150T crawler crane dis-mantling works
A96: =IF(C96="","",MAX($A$1:A94)+1) -> 84 | B96: Shijo | C96: 46082 | D96: =_xlfn.XLOOKUP(Table134526_79101120212223242526[[#This Row],[Name Surname]],Manpower!$C$4:$C$1048576,Manpower!$B$4:$B$1048576,"") -> AL Omar International TRAD AND CONT | E96: Arifur Rahman | F96: =_xlfn.XLOOKUP(Table134526_79101120212223242526[[#This Row],[Name Surname]],Manpower!C:C,Manpower!D:D,) -> 115731078 | G96: =_xlfn.XLOOKUP(Table134526_79101120212223242526[[#This Row],[Name Surname]],Manpower!$C$4:$C$1048576,Manpower!$F$4:$F$1048576,"") -> Scaffolder | H96: =_xlfn.XLOOKUP(Table134526_79101120212223242526[[#This Row],[Name Surname]],Manpower!$C$4:$C$1048576,Manpower!$H$4:$H$1048576,"") -> Sub Contactor | I96: =_xlfn.XLOOKUP(Table134526_79101120212223242526[[#This Row],[Name Surname]],Manpower!$C$4:$C$1048576,Manpower!$H$4:$H$1048576,"") -> Sub Contactor | J96: Laydown | K96: _ | L96: Preservation | M96: Day | N96: 8 | O96: Material Handling | P96: Material storage & preservation | Q96: Material storage & preservation | R96: Inspection&Preservation of idler rollers& Material segregation
A97: =IF(C97="","",MAX($A$1:A96)+1) -> 85 | B97: Shijo | C97: 46082 | D97: =_xlfn.XLOOKUP(Table134526_79101120212223242526[[#This Row],[Name Surname]],Manpower!$C$4:$C$1048576,Manpower!$B$4:$B$1048576,"") -> Encogroup | E97: Arunbhai Balubhai | F97: =_xlfn.XLOOKUP(Table134526_79101120212223242526[[#This Row],[Name Surname]],Manpower!C:C,Manpower!D:D,) -> 140764355 | G97: =_xlfn.XLOOKUP(Table134526_79101120212223242526[[#This Row],[Name Surname]],Manpower!$C$4:$C$1048576,Manpower!$F$4:$F$1048576,"") -> Fitter/Erector | H97: =_xlfn.XLOOKUP(Table134526_79101120212223242526[[#This Row],[Name Surname]],Manpower!$C$4:$C$1048576,Manpower!$H$4:$H$1048576,"") -> Manpower | I97: =_xlfn.XLOOKUP(Table134526_79101120212223242526[[#This Row],[Name Surname]],Manpower!$C$4:$C$1048576,Manpower!$H$4:$H$1048576,"") -> Manpower | J97: Laydown | K97: _ | L97: Offloading | M97: Day | N97: 8 | O97: Material Handling | P97: Material unloading by crane | Q97: Material unloading by crane | R97: Loading of CT1010-02 materials and 150T crawler crane dis-mantling works
A98: =IF(C98="","",MAX($A$1:A97)+1) -> 86 | B98: Shijo | C98: 46082 | D98: =_xlfn.XLOOKUP(Table134526_79101120212223242526[[#This Row],[Name Surname]],Manpower!$C$4:$C$1048576,Manpower!$B$4:$B$1048576,"") -> Encogroup | E98: Balister Yadhav | F98: =_xlfn.XLOOKUP(Table134526_79101120212223242526[[#This Row],[Name Surname]],Manpower!C:C,Manpower!D:D,) -> S3549132 | G98: =_xlfn.XLOOKUP(Table134526_79101120212223242526[[#This Row],[Name Surname]],Manpower!$C$4:$C$1048576,Manpower!$F$4:$F$1048576,"") -> Grinder | H98: =_xlfn.XLOOKUP(Table134526_79101120212223242526[[#This Row],[Name Surname]],Manpower!$C$4:$C$1048576,Manpower!$H$4:$H$1048576,"") -> Manpower | I98: =_xlfn.XLOOKUP(Table134526_79101120212223242526[[#This Row],[Name Surname]],Manpower!$C$4:$C$1048576,Manpower!$H$4:$H$1048576,"") -> Manpower | J98: Laydown | K98: _ | L98: Offloading | M98: Day | N98: 8 | O98: Material Handling | P98: Material unloading by crane | Q98: Material unloading by crane | R98: _ | S98: parking area
A99: =IF(C99="","",MAX($A$1:A98)+1) -> 87 | B99: Shijo | C99: 46082 | D99: =_xlfn.XLOOKUP(Table134526_79101120212223242526[[#This Row],[Name Surname]],Manpower!$C$4:$C$1048576,Manpower!$B$4:$B$1048576,"") -> Encogroup | E99: Deepak Kumar | F99: =_xlfn.XLOOKUP(Table134526_79101120212223242526[[#This Row],[Name Surname]],Manpower!C:C,Manpower!D:D,) -> 140742125 | G99: =_xlfn.XLOOKUP(Table134526_79101120212223242526[[#This Row],[Name Surname]],Manpower!$C$4:$C$1048576,Manpower!$F$4:$F$1048576,"") -> Assistant/Helper | H99: =_xlfn.XLOOKUP(Table134526_79101120212223242526[[#This Row],[Name Surname]],Manpower!$C$4:$C$1048576,Manpower!$H$4:$H$1048576,"") -> Manpower | I99: =_xlfn.XLOOKUP(Table134526_79101120212223242526[[#This Row],[Name Surname]],Manpower!$C$4:$C$1048576,Manpower!$H$4:$H$1048576,"") -> Manpower | J99: Site Office | K99: _ | L99: _ | M99: Day | N99: 8 | O99: Piping Works | P99: Fit-up | Q99: Fit-up | R99: TSF works
A100: =IF(C100="","",MAX($A$1:A99)+1) -> 88 | B100: Shijo | C100: 46082 | D100: =_xlfn.XLOOKUP(Table134526_79101120212223242526[[#This Row],[Name Surname]],Manpower!$C$4:$C$1048576,Manpower!$B$4:$B$1048576,"") -> Encogroup | E100: Ghulam Qadir Muhammad Yousaf | F100: =_xlfn.XLOOKUP(Table134526_79101120212223242526[[#This Row],[Name Surname]],Manpower!C:C,Manpower!D:D,) -> 124398279 | G100: =_xlfn.XLOOKUP(Table134526_79101120212223242526[[#This Row],[Name Surname]],Manpower!$C$4:$C$1048576,Manpower!$F$4:$F$1048576,"") -> Permit Receiver | H100: =_xlfn.XLOOKUP(Table134526_79101120212223242526[[#This Row],[Name Surname]],Manpower!$C$4:$C$1048576,Manpower!$H$4:$H$1048576,"") -> Manpower | I100: =_xlfn.XLOOKUP(Table134526_79101120212223242526[[#This Row],[Name Surname]],Manpower!$C$4:$C$1048576,Manpower!$H$4:$H$1048576,"") -> Manpower | J100: Laydown | K100: _ | L100: Offloading | M100: Day | N100: 8 | O100: Material Handling | P100: Material unloading by crane | Q100: Material unloading by crane | R100: _
A101: =IF(C101="","",MAX($A$1:A100)+1) -> 89 | B101: Shijo | C101: 46082 | D101: =_xlfn.XLOOKUP(Table134526_79101120212223242526[[#This Row],[Name Surname]],Manpower!$C$4:$C$1048576,Manpower!$B$4:$B$1048576,"") -> Encogroup | E101: Gyenendra Kumar Gupta | F101: =_xlfn.XLOOKUP(Table134526_79101120212223242526[[#This Row],[Name Surname]],Manpower!C:C,Manpower!D:D,) -> 140809004 | G101: =_xlfn.XLOOKUP(Table134526_79101120212223242526[[#This Row],[Name Surname]],Manpower!$C$4:$C$1048576,Manpower!$F$4:$F$1048576,"") -> Fitter/Erector | H101: =_xlfn.XLOOKUP(Table134526_79101120212223242526[[#This Row],[Name Surname]],Manpower!$C$4:$C$1048576,Manpower!$H$4:$H$1048576,"") -> Manpower | I101: =_xlfn.XLOOKUP(Table134526_79101120212223242526[[#This Row],[Name Surname]],Manpower!$C$4:$C$1048576,Manpower!$H$4:$H$1048576,"") -> Manpower | J101: Laydown | K101: _ | L101: Offloading | M101: Day | N101: 8 | O101: Material Handling | P101: Material unloading by crane | Q101: Material unloading by crane | R101: _
...

Sheet Tasks
A1: Mobilization Preparation | B1: Mobilization Preparation | C1: Material Handling & Segregation | D1: Steel Structure Works | F1: Grouting Works | G1: Piping Works | H1: Electrical Works | I1: Instrumentation Works | J1: Painting Coating | K1: Finalization | M1: Working Area | N1: Item Tag
A2: Material Handling | B2: Site access preparation | C2: Material unloading by crane | D2: Ground pre-assembly | E2: Strucutre Pre-Assembly | F2: Foundation surface cleaning | G2: Pipe rack support installation | H2: Cable tray support installation | I2: Instrument support installation | J2: Surface cleaning | K2: Final inspection | M2: Yard 2 | N2: CT-1010-02
A3: Steel Structure Works | B3: Area barricading | C3: Material inspection | D3: Trial fit-up | E3: Strucutre Assembly | F3: Formwork installation | G3: Pipe erection | H3: Cable tray installation | I3: Instrument mounting | J3: Surface inspection | K3: Dimensional survey | M3: Yard 3 | N3: CT-1010-20
A4: Grouting Works | B4: Safety signage installation | C4: Material verification with drawings | D4: Temporary bolting | E4: Dismantling | F4: Grout mixing | G4: Fit-up | H4: Cable pulling | I4: Tubing installation | J4: Touch-up painting | K4: Punch list clearance | M4: Laydown | N4: CT-1010-21
A5: Piping Works | B5: Crane mobilization & inspection | C5: Material storage & preservation | D5: Column erection | F5: Grout pouring | G5: Welding | H5: Cable termination | I5: Hook-up works | J5: Final painting | K5: As-built documentation | M5: Parking Area | N5: CT-1010-27
A6: Electrical Works | B6: Manlift mobilization | C6: Material tagging & segregation | D6: Beam erection | F6: Grout curing | G6: NDT inspection | H6: Electrical testing | I6: Loop checking | J6: DFT inspection | K6: Area handover | M6: Long Conveyor | N6: TR-1010-01
A7: Instrumentation Works | B7: Scaffolding mobilization | C7: Equipment Maintenance | D7: Platform installation | G7: Pipe alignment | H7: Dismantling of Electrical Cable | I7: Dismantling of Junction box | M7: Site Office | N7: TR-1010-21
A8: Painting Coating | D8: Ladder & handrail installation | H8: Dismantling of Cable Rack | M8: Main Office | N8: TR-1010-26
A9: Finalization | D9: Alignment (vertical & horizontal) | M9: Reclaimer Substation | N9: TR-1010-20
A10: Idle | D10: Shim installation | M10: Common Area | N10: TR-1010-27
A11: Enco Interenal Transportation | D11: Final bolting | N11: DBD Bld
A12: Alignment of surveyor | D12: Torque tightening | N12: Offloading
A13: Enco Internal Utilities | D13: Bolt marking | N13: Preservation
A14: Equipment Maintenance | D14: Dismantling of Cover | N14: Cable tray supports
A15: Diesel filling | D15: Dismantling of Structure | N15: Loading
D16: Equipment Maintenance | N16: Material Segregation
D17: Diesel filling | N17: Crane Dis/Assembly

Sheet Manpower
F2: =xlookup(Table134526_79101120212223242526[@[Name Surname]],'Manpower'!A1
A3: S/N | B3: ID# | C3: Name | E3: Nationality | F3: Skill | G3: Direct/Indirect | H3: Category
A4: 1 | B4: Encogroup | C4: George Tcheroyan | D4: =_xlfn.XLOOKUP(C4,'April 2026'!A:A,'April 2026'!B:B) -> 121598538 | E4: LEBANESE | F4: Project Manager | G4: Indirect | H4: Manpower
A5: 2 | B5: Encogroup | C5: Vicken Tcheroyan | D5: =_xlfn.XLOOKUP(C5,'April 2026'!A:A,'April 2026'!B:B) -> 121668462 | E5: LEBANESE | F5: Site Manager | G5: Indirect | H5: Manpower
A6: 3 | B6: Encogroup | C6: Mhamed Sheikh | D6: =_xlfn.XLOOKUP(C6,'April 2026'!A:A,'April 2026'!B:B) -> 122370101 | E6: LEBANESE | F6: Quality Manager | G6: Indirect | H6: Manpower
A7: 4 | B7: Encogroup | C7: Rabih Ali El Borji | D7: =_xlfn.XLOOKUP(C7,'April 2026'!A:A,'April 2026'!B:B) -> 123541357 | E7: LEBANESE | F7: Admin Manager | G7: Indirect | H7: Manpower
A8: 5 | B8: Encogroup | C8: Peter Farah | D8: =_xlfn.XLOOKUP(C8,'April 2026'!A:A,'April 2026'!B:B) -> 122045765 | E8: LEBANESE | F8: Lead Mechanical Engineer | G8: Indirect | H8: Manpower
A9: 14 | B9: Encogroup | C9: Abdullah Humaid Al Nofali | D9: =_xlfn.XLOOKUP(C9,'April 2026'!A:A,'April 2026'!B:B) -> 27637114 | E9: OMANI | F9: Driver | G9: Indirect | H9: Manpower
A10: 7 | B10: Encogroup | C10: Maroun Raymond Sarkis | D10: =_xlfn.XLOOKUP(C10,'April 2026'!A:A,'April 2026'!B:B) -> 127387473 | E10: LEBANESE | F10: Mechanical engineer | G10: Indirect | H10: Manpower
A11: 8 | B11: Encogroup | C11: Cherbel Nabih Gebrael | D11: =_xlfn.XLOOKUP(C11,'April 2026'!A:A,'April 2026'!B:B) -> 116894252 | E11: LEBANESE | F11: Purchasing Manager | G11: Indirect | H11: Manpower
A12: 9 | B12: Encogroup | C12: Fenil Paul | D12: =_xlfn.XLOOKUP(C12,'April 2026'!A:A,'April 2026'!B:B) -> 137098196 | E12: Indian | F12: Lifting engineer | G12: Indirect | H12: Manpower
A13: 17 | B13: Encogroup | C13: Abishek Pandey | D13: =_xlfn.XLOOKUP(C13,'April 2026'!A:A,'April 2026'!B:B) -> 123487214 | E13: Indian | F13: Gas Cutter | G13: Direct | H13: Manpower
A14: 239 | B14: BUSHRA | C14: Adil | D14: =_xlfn.XLOOKUP(C14,'April 2026'!A:A,'April 2026'!B:B) -> Not Required | F14: Diesel Re-fueling team | G14: Equipment MP | H14: Manpower
A15: 12 | B15: Encogroup | C15: Gokul Reghu | D15: =_xlfn.XLOOKUP(C15,'April 2026'!A:A,'April 2026'!B:B) -> 123472431 | E15: Indian | F15: Site Coordinator / Timekeeper | G15: Indirect | H15: Manpower
A16: 13 | B16: Encogroup | C16: Fatema Al Abri | D16: =_xlfn.XLOOKUP(C16,'April 2026'!A:A,'April 2026'!B:B) -> 12782421 | E16: OMANI | F16: Admin Assistant | G16: Indirect | H16: Manpower
A17: 219 | B17: Encogroup | C17: Akhilesh Kumar-Welder | D17: =_xlfn.XLOOKUP(C17,'April 2026'!A:A,'April 2026'!B:B) -> U4181508 | F17: Welder | G17: Direct | H17: Manpower
A18: 85 | B18: Encogroup | C18: Ali Riza | D18: =_xlfn.XLOOKUP(C18,'April 2026'!A:A,'April 2026'!B:B) -> 140849254 | E18: TURKIYE | F18: Construction Manager | G18: Indirect | H18: Manpower
A19: 16 | B19: Encogroup | C19: Pappu Kumar Yadaw | D19: =_xlfn.XLOOKUP(C19,'April 2026'!A:A,'April 2026'!B:B) -> 122082769 | E19: Indian | F19: Grinder | G19: Direct | H19: Manpower
A20: 58 | B20: Encogroup | C20: Arun Kumar | D20: =_xlfn.XLOOKUP(C20,'April 2026'!A:A,'April 2026'!B:B) -> 123039392 | E20: Indian | F20: Fitter/Erector | G20: Direct | H20: Manpower
A21: 10 | B21: Encogroup | C21: Arunraj Rajendiren | D21: =_xlfn.XLOOKUP(C21,'April 2026'!A:A,'April 2026'!B:B) -> 118833981 | E21: Indian | F21: Scheduler / Planning Engineer | G21: Indirect | H21: Manpower
A22: 19 | B22: Encogroup | C22: Ameer Ali | D22: =_xlfn.XLOOKUP(C22,'April 2026'!A:A,'April 2026'!B:B) -> 125440631 | E22: PAKISTANI | F22: Rigger | G22: Direct | H22: Manpower
A23: 20 | B23: Encogroup | C23: Wesley Jan Estandarte | D23: =_xlfn.XLOOKUP(C23,'April 2026'!A:A,'April 2026'!B:B) -> 117255966 | E23: Philipino | F23: Mechanical Supervisor | G23: Direct | H23: Manpower
A24: 128 | B24: Encogroup | C24: Ashwini Kumar | D24: =_xlfn.XLOOKUP(C24,'April 2026'!A:A,'April 2026'!B:B) -> 127414586 | E24: Indian | F24: Electrician | G24: Direct | H24: Manpower
A25: 31 | B25: Encogroup | C25: Azzam Ahmed | D25: =_xlfn.XLOOKUP(C25,'April 2026'!A:A,'April 2026'!B:B) -> 124346519 | E25: LEBANESE | F25: Mechanical Foreman | G25: Direct | H25: Manpower
A26: 110 | B26: Encogroup | C26: Bader Al-Buloshi | D26: =_xlfn.XLOOKUP(C26,'April 2026'!A:A,'April 2026'!B:B) -> 15290981 | E26: OMANI | F26: Driver | G26: Indirect | H26: Manpower
A27: 24 | B27: Encogroup | C27: Jaison Marottikkal Lorance | D27: =_xlfn.XLOOKUP(C27,'April 2026'!A:A,'April 2026'!B:B) -> 120892366 | E27: Indian | F27: HSE Officer | G27: Indirect | H27: Manpower
A28: 32 | B28: Encogroup | C28: Bader Nasser Said Masoud Al Nofali | D28: =_xlfn.XLOOKUP(C28,'April 2026'!A:A,'April 2026'!B:B) -> 28065391 | E28: OMANI | F28: Driver | G28: Indirect | H28: Manpower
A29: 26 | B29: Encogroup | C29: Umesh Singh | D29: =_xlfn.XLOOKUP(C29,'April 2026'!A:A,'April 2026'!B:B) -> 137114773 | E29: Indian | F29: Rigger | G29: Direct | H29: Manpower
... A49: 23 | B49: Encogroup | C49: Dhinesh Vaithiyanathan | D49: =_xlfn.XLOOKUP(C49,'April 2026'!A:A,'April 2026'!B:B) -> 140645388 | E49: Indian | F49: Store keeper | G49: Indirect | H49: Manpower
A50: 242 | B50: Al Jaber Heavy Lift | C50: Fawad Ahmed | D50: =_xlfn.XLOOKUP(C50,'April 2026'!A:A,'April 2026'!B:B) -> 102607563 | F50: Technician | G50: Equipment MP | H50: Manpower
A51: 48 | B51: Encogroup | C51: Afaaq Hussain | D51: =_xlfn.XLOOKUP(C51,'April 2026'!A:A,'April 2026'!B:B) -> 126724428 | E51: PAKISTANI | F51: Surveyor | G51: Indirect | H51: Manpower
A52: 49 | B52: Encogroup | C52: Vinod Kumar | D52: =_xlfn.XLOOKUP(C52,'April 2026'!A:A,'April 2026'!B:B) -> 122082863 | E52: Indian | F52: Grinder | G52: Direct | H52: Manpower
A53: 50 | B53: Encogroup | C53: Abhishek Kumar Tiwari | D53: =_xlfn.XLOOKUP(C53,'April 2026'!A:A,'April 2026'!B:B) -> 140742144 | E53: Indian | F53: Assistant/Helper | G53: Direct | H53: Manpower
A54: 51 | B54: Encogroup | C54: Ranaanand Kumar | D54: =_xlfn.XLOOKUP(C54,'April 2026'!A:A,'April 2026'!B:B) -> 140742088 | E54: Indian | F54: Fitter/Erector | G54: Direct | H54: Manpower
A55: 52 | B55: Encogroup | C55: Deepak Kumar | D55: =_xlfn.XLOOKUP(C55,'April 2026'!A:A,'April 2026'!B:B) -> 140742125 | E55: Indian | F55: Assistant/Helper | G55: Direct | H55: Manpower
A56: 6 | B56: Encogroup | C56: George Zouhair Abi Farah | D56: =_xlfn.XLOOKUP(C56,'April 2026'!A:A,'April 2026'!B:B) -> 121820536 | E56: LEBANESE | F56: Facility Management | G56: Indirect | H56: Manpower
A57: 95 | B57: Encogroup | C57: Ghulam Qadir Muhammad Yousaf | D57: =_xlfn.XLOOKUP(C57,'April 2026'!A:A,'April 2026'!B:B) -> 124398279 | E57: PAKISTANI | F57: Permit Receiver | G57: Indirect | H57: Manpower
A58: 55 | B58: Encogroup | C58: Sujeet Kumar | D58: =_xlfn.XLOOKUP(C58,'April 2026'!A:A,'April 2026'!B:B) -> 140742177 | E58: Indian | F58: Grinder | G58: Direct | H58: Manpower
A59: 133 | B59: Encogroup | C59: Gurpreet Sing | D59: =_xlfn.XLOOKUP(C59,'April 2026'!A:A,'April 2026'!B:B) -> 86971535 | E59: Indian | F59: Crane Operator | G59: Equipment MP | H59: Manpower
A60: 70 | B60: Encogroup | C60: Gyenendra Kumar Gupta | D60: =_xlfn.XLOOKUP(C60,'April 2026'!A:A,'April 2026'!B:B) -> 140809004 | E60: Indian | F60: Fitter/Erector | G60: Direct | H60: Manpower
A61: 57 | B61: Encogroup | C61: Hareendra Shahani | D61: =_xlfn.XLOOKUP(C61,'April 2026'!A:A,'April 2026'!B:B) -> X6330749 | E61: Indian | F61: Welder | G61: Direct | H61: Manpower
A62: 111 | B62: Encogroup | C62: Ibrahim Rashid Mubarak Al-Abri | D62: =_xlfn.XLOOKUP(C62,'April 2026'!A:A,'April 2026'!B:B) -> 9138415 | E62: OMANI | F62: HIAB Driver | G62: Equipment MP | H62: Manpower
... A91: 88 | B91: Encogroup | C91: Surajit Maity | D91: =_xlfn.XLOOKUP(C91,'April 2026'!A:A,'April 2026'!B:B) -> 140846684 | E91: Indian | F91: Assistant/Helper | G91: Direct | H91: Manpower
A92: 245 | B92: BG | C92: MD Rizwan | D92: =_xlfn.XLOOKUP(C92,'April 2026'!A:A,'April 2026'!B:B) -> #N/A | F92: Driver | G92: Equipment MP | H92: Manpower
A93: 90 | B93: Encogroup | C93: Kamal Kumar Sharma | D93: =_xlfn.XLOOKUP(C93,'April 2026'!A:A,'April 2026'!B:B) -> 140848828 | E93: Indian | F93: Pipe Fitter | G93: Direct | H93: Manpower
A94: 91 | B94: Encogroup | C94: Arunkumar Surendran | D94: =_xlfn.XLOOKUP(C94,'April 2026'!A:A,'April 2026'!B:B) -> 127859069 | E94: Indian | F94: QC Mechanical Engineer | G94: Indirect | H94: Manpower
A95: 47 | B95: Encogroup | C95: Mohamed Irfan | D95: =_xlfn.XLOOKUP(C95,'April 2026'!A:A,'April 2026'!B:B) -> 121937785 | E95: PAKISTANI | F95: Scaffolding Inspector | G95: Direct | H95: Manpower
A96: 93 | B96: Encogroup | C96: Sathishkumar Kasthurisamy | D96: =_xlfn.XLOOKUP(C96,'April 2026'!A:A,'April 2026'!B:B) -> 140859482 | E96: Indian | F96: Draftsman Engineer | G96: Indirect | H96: Manpower
A97: 231 | B97: Al Jaber Heavy Lift | C97: Mohammad Ismail | D97: =_xlfn.XLOOKUP(C97,'April 2026'!A:A,'April 2026'!B:B) -> 116448869 | F97: Crane Operator | G97: Equipment MP | H97: Manpower
A98: 241 | B98: Al Jaber Heavy Lift | C98: Mohammed Attiq | D98: =_xlfn.XLOOKUP(C98,'April 2026'!A:A,'April 2026'!B:B) -> 113787454 | F98: Crane Operator- 70T Crawler Crane- 02 | G98: Equipment MP | H98: Manpower
A99: 96 | B99: Encogroup | C99: Tamoor Ali Khan | D99: =_xlfn.XLOOKUP(C99,'April 2026'!A:A,'April 2026'!B:B) -> 135325259 | E99: PAKISTANI | F99: Permit Receiver | G99: Indirect | H99: Manpower
A100: 97 | B100: Encogroup | C100: Mohammad Shoaib Akhtar | D100: =_xlfn.XLOOKUP(C100,'April 2026'!A:A,'April 2026'!B:B) -> 136277866 | E100: PAKISTANI | F100: Permit Receiver | G100: Indirect | H100: Manpower
A101: 98 | B101: Encogroup | C101: Ibrahim Karam Ali Al Balushi | D101: =_xlfn.XLOOKUP(C101,'April 2026'!A:A,'April 2026'!B:B) -> 15485532 | E101: OMANI | F101: Driver | G101: Indirect | H101: Manpower
A102: 228 | B102: SARENS NASS | C102: Moshin Saleem Salim AL-Shukaili | D102: =_xlfn.XLOOKUP(C102,'April 2026'!A:A,'April 2026'!B:B) -> 14552941 | F102: Crane Operator- 70T Hitachi Crawler crane | G102: Equipment MP | H102: Manpower
A103: 100 | B103: Encogroup | C103: Alla Said Abdallah Al Jabri | D103: =_xlfn.XLOOKUP(C103,'April 2026'!A:A,'April 2026'!B:B) -> 12441043 | E103: OMANI | F103: IT Engineer | G103: Indirect | H103: Manpower
A104: 101 | B104: Encogroup | C104: Ahmed Khadeem Said Al Tourashi | D104: =_xlfn.XLOOKUP(C104,'April 2026'!A:A,'April 2026'!B:B) -> 19753414 | E104: OMANI | F104: Bus Driver | G104: Indirect | H104: Manpower
A105: 102 | B105: Encogroup | C105: Nasr Nasser Said Masoud Al Nofli | D105: =_xlfn.XLOOKUP(C105,'April 2026'!A:A,'April 2026'!B:B) -> 19110768 | E105: OMANI | F105: Driver | G105: Indirect | H105: Manpower
A106: 103 | B106: Encogroup | C106: Samar Habib | D106: =_xlfn.XLOOKUP(C106,'April 2026'!A:A,'April 2026'!B:B) -> 141246094 | E106: LEBANESE | F106: Mechanical Engineer | G106: Indirect | H106: Manpower
A107: 104 | B107: Encogroup | C107: Amran Hamood Marhoon Al-Hashemi | D107: =_xlfn.XLOOKUP(C107,'April 2026'!A:A,'April 2026'!B:B) -> 10612625 | E107: OMANI | F107: Junior HSE Officer | G107: Indirect | H107: Manpower
A108: 105 | B108: Encogroup | C108: Md Siddiqur Rahaman Md Ramizuddin | D108: =_xlfn.XLOOKUP(C108,'April 2026'!A:A,'April 2026'!B:B) -> 123805496 | E108: BANGLADESHI | F108: Fitter/Erector | G108: Direct | H108: Manpower
A109: 106 | B109: AL Omar International TRAD AND CONT | C109: Md Tarek Hossain | D109: =_xlfn.XLOOKUP(C109,'April 2026'!A:A,'April 2026'!B:B) -> 114929202 | E109: BANGLADESHI | F109: RIgger | G109: Direct | H109: Sub Contactor
A110: 107 | B110: AL Omar International TRAD AND CONT | C110: Omar Faruk Sarafat Ali | D110: =_xlfn.XLOOKUP(C110,'April 2026'!A:A,'April 2026'!B:B) -> 106093463 | E110: BANGLADESHI | F110: RIgger | G110: Direct | H110: Sub Contactor
A111: 108 | B111: AL Omar International TRAD AND CONT | C111: Md Hasan Howlader | D111: =_xlfn.XLOOKUP(C111,'April 2026'!A:A,'April 2026'!B:B) -> 115018512 | E111: BANGLADESHI | F111: RIgger | G111: Direct | H111: Sub Contactor
A112: 147 | B112: Encogroup | C112: Motaseem Kariem | D112: =_xlfn.XLOOKUP(C112,'April 2026'!A:A,'April 2026'!B:B) -> #N/A | E112: LEBANESE | F112: Welding Foreman | G112: Direct | H112: Manpower
A113: 18 | B113: Encogroup | C113: Muhammad Zeeshan | D113: =_xlfn.XLOOKUP(C113,'April 2026'!A:A,'April 2026'!B:B) -> 125440626 | E113: PAKISTANI | F113: Fitter/Erector | G113: Direct | H113: Manpower
A114: 15 | B114: Encogroup | C114: Muhammed Ramzan | D114: =_xlfn.XLOOKUP(C114,'April 2026'!A:A,'April 2026'!B:B) -> 122179642 | E114: PAKISTANI | F114: Grinder | G114: Direct | H114: Manpower
... A149: 146 | B149: Encogroup | C149: Ibrahim Karime | D149: =_xlfn.XLOOKUP(C149,'April 2026'!A:A,'April 2026'!B:B) -> 71257815 | E149: LEBANESE | F149: Logistics Supervisor | G149: Direct | H149: Manpower
A150: 238 | B150: BUSHRA | C150: Rashid | D150: =_xlfn.XLOOKUP(C150,'April 2026'!A:A,'April 2026'!B:B) -> #N/A | F150: Diesel Re-fueling team | G150: Equipment MP | H150: Manpower
A151: 99 | B151: Encogroup | C151: Raya Salim Khamis Said Al Junaibi | D151: =_xlfn.XLOOKUP(C151,'April 2026'!A:A,'April 2026'!B:B) -> 14915995 | E151: OMANI | F151: Admin Coordinator | G151: Indirect | H151: Manpower
A152: 149 | B152: Encogroup | C152: Ahmad Kerbaj | D152: =_xlfn.XLOOKUP(C152,'April 2026'!A:A,'April 2026'!B:B) -> 132915855 | E152: LEBANESE | F152: Mechanical Supervisor | G152: Direct | H152: Manpower
A153: 150 | B153: Encogroup | C153: Ebin Ben | D153: =_xlfn.XLOOKUP(C153,'April 2026'!A:A,'April 2026'!B:B) -> 116589569 | E153: Indian | F153: Mechanical Engineer | G153: Indirect | H153: Manpower
A154: 11 | B154: Encogroup | C154: Rijo Pappachan Thankachan | D154: =_xlfn.XLOOKUP(C154,'April 2026'!A:A,'April 2026'!B:B) -> 140477664 | E154: Indian | F154: Junior HSE Officer | G154: Indirect | H154: Manpower
A155: 152 | B155: Encogroup | C155: Duncan Lee Kelly | D155: =_xlfn.XLOOKUP(C155,'April 2026'!A:A,'April 2026'!B:B) -> 141307968 | E155: Lituanie | F155: Mechanical Supervisor | G155: Direct | H155: Manpower
A156: 148 | B156: Encogroup | C156: Rodie Jabber | D156: =_xlfn.XLOOKUP(C156,'April 2026'!A:A,'April 2026'!B:B) -> 141505123 | E156: LEBANESE | F156: Mechanical Engineer | G156: Indirect | H156: Manpower
A157: 154 | B157: Encogroup | C157: Khundrakpam Shyamsan Singh | D157: =_xlfn.XLOOKUP(C157,'April 2026'!A:A,'April 2026'!B:B) -> 99596058 | E157: Indian | F157: HSE Officer | G157: Indirect | H157: Manpower
A158: 155 | B158: Encogroup | C158: Sreejith Thekkedath Sivaraman | D158: =_xlfn.XLOOKUP(C158,'April 2026'!A:A,'April 2026'!B:B) -> 141322471 | E158: Indian | F158: Welding Inspector | G158: Indirect | H158: Manpower
A159: 156 | B159: Encogroup | C159: Amal Kannoor Ramachandran | D159: =_xlfn.XLOOKUP(C159,'April 2026'!A:A,'April 2026'!B:B) -> 141322485 | E159: Indian | F159: Electrical Engineer | G159: Indirect | H159: Manpower
A160: 157 | B160: AL Omar International TRAD AND CONT | C160: Mohammad Alam | D160: =_xlfn.XLOOKUP(C160,'April 2026'!A:A,'April 2026'!B:B) -> 85813175 | E160: BANGLADESHI | F160: Scaffolding Supervisor | G160: Direct | H160: Sub Contactor
A161: 158 | B161: Encogroup | C161: Manikandaraj Muthaia | D161: =_xlfn.XLOOKUP(C161,'April 2026'!A:A,'April 2026'!B:B) -> 99112308 | E161: Indian | F161: HR Manager | G161: Indirect | H161: Manpower
A162: 159 | B162: Encogroup | C162: Mahmoud Moussa | D162: =_xlfn.XLOOKUP(C162,'April 2026'!A:A,'April 2026'!B:B) -> 141358988 | E162: LEBANESE | F162: Hydraulic Mechanic | G162: Direct | H162: Manpower
... A188: 185 | B188: Encogroup | C188: Mohammad Khalfan Juma Al-Aufi | D188: =_xlfn.XLOOKUP(C188,'April 2026'!A:A,'April 2026'!B:B) -> 1487544 | E188: OMANI | F188: Driver | G188: Indirect | H188: Manpower
A189: 186 | B189: SARENS NASS | C189: Shinu S | D189: =_xlfn.XLOOKUP(C189,'April 2026'!A:A,'April 2026'!B:B) -> 109957631 | F189: Crane Operator-130T Liebherr Crawler | G189: Equipment MP | H189: Manpower
A190: 187 | B190: Al Jaber Heavy Lift | C190: Abid Hussain | D190: =_xlfn.XLOOKUP(C190,'April 2026'!A:A,'April 2026'!B:B) -> 112778626 | F190: Crane Operator-150T Hitachi Crawler | G190: Equipment MP | H190: Manpower
A191: 188 | B191: GAF | C191: Umesh Kumar | D191: =_xlfn.XLOOKUP(C191,'April 2026'!A:A,'April 2026'!B:B) -> 96405686 | F191: Helper | G191: Direct | H191: Sub Contactor
A192: 189 | B192: Rial Al Khaleej | C192: Shahzad Latif | D192: =_xlfn.XLOOKUP(C192,'April 2026'!A:A,'April 2026'!B:B) -> 98845403 | F192: Crane Operator-100T Zoomlion Telescopic | G192: Equipment MP | H192: Manpower
A193: 190 | B193: GAF | C193: Biomanna Mohanan | D193: =_xlfn.XLOOKUP(C193,'April 2026'!A:A,'April 2026'!B:B) -> - | F193: Helper | G193: Direct | H193: Sub Contactor
A194: 191 | B194: GAF | C194: Irfan Ansari | D194: =_xlfn.XLOOKUP(C194,'April 2026'!A:A,'April 2026'!B:B) -> 78785394 | F194: Helper | G194: Direct | H194: Sub Contactor
A195: 192 | B195: GAF | C195: Vijaya Kumar (5036) | D195: =_xlfn.XLOOKUP(C195,'April 2026'!A:A,'April 2026'!B:B) -> 71345102 | F195: Mason | G195: Direct | H195: Sub Contactor
A196: 193 | B196: AL NAHDHA | C196: MD Sadiq | D196: =_xlfn.XLOOKUP(C196,'April 2026'!A:A,'April 2026'!B:B) -> 123805496 | F196: Forklift Operator-7T | G196: Equipment MP | H196: Sub Contactor
A197: 194 | B197: AL Omar International | C197: MD Hasan Howlander | D197: =_xlfn.XLOOKUP(C197,'April 2026'!A:A,'April 2026'!B:B) -> 115018512 | F197: Rigger | G197: Direct | H197: Sub Contactor
A198: 195 | B198: AL Omar International | C198: Omar Faruk Sarafat Ali | D198: =_xlfn.XLOOKUP(C198,'April 2026'!A:A,'April 2026'!B:B) -> 106093463 | F198: Rigger/Man-Lift Operator | G198: Direct | H198: Sub Contactor
A199: 196 | B199: SARENS NASS | C199: Gulzar Singh | D199: =_xlfn.XLOOKUP(C199,'April 2026'!A:A,'April 2026'!B:B) -> 79502392 | F199: Crane Operator- 70T Liebherr Telescopic Crane-01 | G199: Equipment MP | H199: Manpower
A200: 197 | B200: AL Omar International | C200: Md Tarek Hossain | D200: =_xlfn.XLOOKUP(C200,'April 2026'!A:A,'April 2026'!B:B) -> 114929202 | F200: Rigger | G200: Direct | H200: Sub Contactor
... A218: 215 | B218: Bright Light | C218: Subash H.K | D218: =_xlfn.XLOOKUP(C218,'April 2026'!A:A,'April 2026'!B:B) -> 83935096 | F218: Technician | G218: Direct | H218: Sub Contactor
B219: Bright Light | C219: Praveen Prakash | D219: =_xlfn.XLOOKUP(C219,'April 2026'!A:A,'April 2026'!B:B) -> #N/A | F219: Technician | G219: Direct | H219: Sub Contactor
A220: 216 | B220: Bright Light | C220: Jalaludeen S | D220: =_xlfn.XLOOKUP(C220,'April 2026'!A:A,'April 2026'!B:B) -> 103199925 | F220: Mechanic | G220: Direct | H220: Sub Contactor
A221: 217 | B221: Bright Light | C221: Gurtirath Singh | D221: =_xlfn.XLOOKUP(C221,'April 2026'!A:A,'April 2026'!B:B) -> 114531608 | F221: Crane Operator-150T Sany Crawler | G221: Equipment MP | H221: Manpower
A222: 218 | B222: Encogroup | C222: Hadi Moussa | D222: =_xlfn.XLOOKUP(C222,'April 2026'!A:A,'April 2026'!B:B) -> 141358993 | F222: Hydraulic Mechanic | G222: Direct | H222: Manpower
A223: 89 | B223: Encogroup | C223: Samanta Soumitra | D223: =_xlfn.XLOOKUP(C223,'April 2026'!A:A,'April 2026'!B:B) -> 140846698 | E223: Indian | F223: Assistant/Helper | G223: Direct | H223: Manpower
A224: 220 | B224: Encogroup | C224: Laxman Chaudhary | D224: =_xlfn.XLOOKUP(C224,'April 2026'!A:A,'April 2026'!B:B) -> 117207568 | F224: Electrician | G224: Direct | H224: Manpower
...

Sheet April 2026
A1: Name | B1: ID # | C1: Skill | WZY1: =SUBTOTAL(9,D1:WZX1) -> 0
A2: Aaisha Abdallah Said AL Balushi | B2: 12704175 | C2: Process Engineer
A3: Abdullah Humaid Al Nofali | B3: 27637114 | C3: Junior PRO
A4: Abdullah Khalfan Humaid Al Saidi | B4: 7065269 | C4: Lowbed Trailer Driver
A5: Abhishek Kumar | B5: 140545152 | C5: Painter
A6: Abhishek Kumar Tiwari | B6: 140742144 | C6: Helper
A7: Abid Hussain | B7: 112778626 | C7: Crane Operator -150T
A8: Abishek Pandey | B8: 123487214
A9: Adhikesavan Chandrasekaran | B9: 141793239 | C9: QC Document Controller
A10: Adil | B10: Not Required
A11: Afaaq Hussain | B11: 126724428 | C11: Surveyor
A12: Ahmad Kerbaj | B12: 132915855 | C12: Mechanical Supervisor
A13: AHMED KHADEEM SAID AL TOURASHI | B13: 19753414 | C13: Bus Driver
A14: Aiyaj Najirhussain Patel | B14: AN071596 | C14: Gas Cutter
A15: Ajin Paramesvaran | B15: 141377747 | C15: Painter
A16: Ajithkumar Aravindakshanpillai | B16: 140693697 | C16: HSE Officer
A17: Akhilesh Kumar | B17: 141359235 | C17: Welder
A18: Akhilesh Kumar | B18: 122179745 | C18: Fitter
A19: Akhilesh Kumar-Welder | B19: U4181508
A20: Akram Hossain | B20: 126825676 | C20: Fitter
A21: Akther Sanaulla | B21: 89442153 | C21: Fitter
A22: Alamin Robeul Islam | B22: 98021462 | C22: Mechanical Foreman
A23: Alamin Sheikh | B23: 128486351 | C23: Helper
A24: Ali Haider | B24: 100398391
A25: Ali Riza | B25: 140849254 | C25: Construction Manager
A26: Alla Said Abdallah Al Jabri | B26: 12441043 | C26: IT Engineer
A27: Amal Kannoor Ramachandran | B27: 141322485 | C27: Electrical Engineer
A28: Amdadul Haque | B28: 131662411 | C28: Helper
A29: Ameer Ali | B29: 125440631 | C29: Rigger
A30: Amit Gupta | B30: 140844783 | C30: Painter
A31: Amna Aadil Khalaf Al-Marroushi | B31: 14496555 | C31: Admin Assistant
A32: Amran Hamood Marhoon Al-Hashemi | B32: 10612625 | C32: Junior HSE Officer
A33: Anandbabu subbiah | B33: 81612139 | C33: Mechanic
A34: Aneesh Joseph | B34: 141253376 | C34: Store Keeper
A35: Anil Baitha | B35: AD797743 | C35: Gas Cutter
A36: Aravind Kumar Tiwari | B36: 141818413 | C36: Fitter
A37: Arifur Rahman | B37: 115731078 | C37: Scaffolder
A38: Arun Baby | B38: 128954904 | C38: Nurse
A39: Arun Kumar | B39: 123039392
A40: Arunbhai Balubhai | B40: 140764355 | C40: Fitter/Erector
A41: Arunkumar Kakkanad Chandran | B41: 85213329 | C41: Electrician
A42: Arunkumar Surendran | B42: 127859069 | C42: QC Mechanical Engineer
A43: Arunraj Rajendiren | B43: 118833981 | C43: Scheduler / Planning Engineer
A44: Ashwani Kumar | B44: 125199977 | C44: Electrician
A45: Ashwin Shivaraman | B45: 127414586 | C45: HSE Officer | G45: =_xlfn.XLOOKUP(A103,#REF!,#REF!) -> #REF!
A46: Ashwini Kumar | B46: 127414586 | C46: HSE Officer
A47: Atif Rasheed | B47: 127331574 | C47: Permit Receiver
A48: Azhar | B48: not required
A49: Azzam Ahmed | B49: 124346519
A50: Bader Al-Buloshi | B50: 15290981 | C50: Driver
A51: Bader Nasser Said Masoud Al Nofali | B51: 28065391 | C51: Driver
A52: Bal Krishna Bishwakarma | B52: 122179637
A53: Balister Yadav Yadav | B53: 128660782 | C53: Grinder
A54: Balister Yadhav | B54: S3549132
A55: Balkishuan Muralidhar | B55: 141365131 | C55: Painter
A56: Baraili Man Bahadur | B56: 105610932 | C56: Crane Operator
A57: Basanthu Ram | B57: 95128256 | C57: Helper
A58: Basheer Abubakkar | B58: 141177603
A59: Basheer Abubakkar | B59: 14177603 | C59: Crane Operator
A60: Benny Thomas | B60: 71437827 | C60: Electrical Supervisor
A61: Bhanu Kumar | B61: 140848833
A62: Bilal Rabi'a Al Rufa'i | B62: 140741175 | C62: CNC Operator Assistant
A63: Biomanna Mohanan | B63: -
A64: Bittu Kumar | B64: 140844604 | C64: Painter
A65: Bivishin Kumar Sing | B65: 117058003 | C65: Instrument fitter
A66: Bul Bul Ahmed | B66: 129082332 | C66: Fitter
A67: Cherbel Nabih Gebrael | B67: 116894252 | C67: Purchasing Manager
A68: Clyde Abrazaldo | B68: 141169085 | C68: Welder
A69: Daniel JR Mosiquira | B69: 141169047 | C69: Welder
A70: Deepak Kumar | B70: 140742125 | C70: Helper
A71: Deepu Chauhan | B71: 117871996 | C71: Electrical Supervisor
A72: Dharmendra Kumar | B72: 125199963 | C72: Electrician
A73: Dharmvir Upadhyay | B73: 140844797 | C73: Fitter/Erector
A74: Dhinesh Vaithiyanathan | B74: 140645388 | C74: Store keeper
A75: Didarul Alam Golam Rabbani | B75: 121473076 | C75: Helper
A76: DILIP KUMAR (5042) | B76: 113484195
A77: Dinesh Yadav | B77: 12284034
A78: Dipu Sing | B78: 140697025 | C78: Helper
A79: Duncan Lee Kelly | B79: 141307968 | C79: Mechanical Supervisor
A80: Easak Sheikh | B80: 126131237 | C80: Fitter
A81: Ebin Ben | B81: 116589569 | C81: Mechanical Engineer
A82: Ejaz Hussein | B82: 112952143 | C82: HSE Coordinator
A83: Elias Zaatar | B83: 121594839 | C83: Electrical Engineer
A84: Emaran Hossain | B84: 116836161 | C84: Fitter
A85: Emile Baradhi | B85: 118041216 | C85: Material Manager
A86: Erick Atienza | B86: 141169052 | C86: Welder
A87: Erwin Sandoval | B87: 117210204 | C87: Painting Foreman
A88: Fadi Al Asmar | B88: 140841472 | C88: Electrical Superintendent
A89: Fahad Ahmed Obaid Al Qaidi | B89: 15169287 | C89: Driver
A90: Fatema Al Abri | B90: 12782421 | C90: Admin Assistant
A91: Fawad Ahmed | B91: 102607563
A92: Fawaz Aamir Said Hamdoon Al-Naamani | B92: 23659394 | C92: Junior PRO
A93: Felix George | B93: 141809314 | C93: Material Controller
A94: Fenil Paul | B94: 137098196 | C94: Lifting engineer
A95: Ganta Mohan Rady | B95: AH746467 | C95: Rigger
A96: George Tcheroyan | B96: 121598538 | C96: Project Manager
A97: George Zouhair Abi Farah | B97: 121820536
A98: Ghulam Qadir Muhammad Yousaf | B98: 124398279 | C98: Permit Receiver
A99: Gokul Reghu | B99: 123472431 | C99: Site Coordinator / Timekeeper
A100: Govind Sahani | B100: 140844623 | C100: Painter
...
